latitude,Longitude,name,id,capacity
40.76727216,-73.99392888,W 52 St & 11 Ave,72,55
40.71911552,-74.00666661,Franklin St & W Broadway,79,33
40.71117416,-74.00016545,St James Pl & Pearl St,82,27
40.68382604,-73.97632328,Atlantic Ave & Fort Greene Pl,83,62
40.74177603,-74.00149746,W 17 St & 8 Ave,116,50
40.69608941,-73.97803415,Park Ave & St Edwards St,119,53
40.68676793,-73.95928168,Lexington Ave & Classon Ave,120,19
40.73172428,-74.00674436,Barrow St & Hudson St,127,31
40.72710258,-74.00297088,MacDougal St & Prince St,128,56
40.69239502,-73.99337909,Clinton St & Joralemon St,143,24
40.69839895,-73.98068914,Nassau St & Navy St,144,58
40.71625008,-74.0091059,Hudson St & Reade St,146,39
40.7208736,-73.98085795,E 2 St & Avenue C,150,56
40.722103786686034,-73.99724900722504,Cleveland Pl & Spring St,151,33
40.71473993,-74.00910627,Warren St & W Broadway,152,49
40.752062307,-73.9816324043,E 40 St & 5 Ave,153,63
40.69089272,-73.99612349,Henry St & Atlantic Ave,157,23
40.72917025,-73.99810231,LaGuardia Pl & W 3 St,161,35
40.75323098,-73.97032517,E 47 St & 2 Ave,164,47
40.73971301,-73.99456405,W 18 St & 6 Ave,168,47
40.76068327096592,-73.9845272898674,Broadway & W 49 St,173,70
40.7381765,-73.97738662,E 25 St & 1 Ave,174,35
40.74334935,-74.00681753,W 16 St & The High Line,212,60
40.70037867,-73.99548059,Columbia Heights & Cranberry St,216,37
40.70277159,-73.99383605,Old Fulton St,217,39
40.73781509,-73.99994661,W 13 St & 7 Ave,223,33
40.71146364,-74.00552427,Spruce St & Nassau St,224,34
40.7546011026,-73.971878855,E 48 St & 3 Ave,228,55
40.72743423,-73.99379025,Great Jones St,229,23
40.69597683,-73.99014892,Cadman Plaza E & Tillary St,232,52
40.7284186,-73.98713956,St Marks Pl & 2 Ave,236,51
40.73047309,-73.98672378,E 11 St & 2 Ave,237,39
40.7361967,-74.00859207,Bank St & Washington St,238,31
40.69196566,-73.9813018,Willoughby St & Fleet St,239,31
40.68981035,-73.97493121,DeKalb Ave & S Portland Ave,241,23
40.697787,-73.973736,Carlton Ave & Flushing Ave,242,46
40.69196035,-73.96536851,Willoughby Ave & Hall St,244,31
40.69327018,-73.97703874,Myrtle Ave & St Edwards St,245,79
40.73535398,-74.00483091,Perry St & Bleecker St,247,79
40.72185379,-74.00771779,Laight St & Hudson St,248,91
40.71870987,-74.0090009,Harrison St & Hudson St,249,27
40.72456089,-73.99565293,Lafayette St & Jersey St,250,40
40.72317958,-73.99480012,Mott St & Prince St,251,27
40.73226398,-73.99852205,MacDougal St & Washington Sq,252,33
40.73532427,-73.99800419,W 11 St & 6 Ave,254,47
40.71939226,-74.00247214,Lispenard St & Broadway,257,79
40.68940747,-73.96885458,DeKalb Ave & Vanderbilt Ave,258,23
40.70122128,-74.01234218,South St & Whitehall St,259,39
40.70365182,-74.01167797,Broad St & Bridge St,260,33
40.69474881,-73.98362464,Johnson St & Gold St,261,41
40.6917823,-73.9737299,Washington Park,262,24
40.70706456,-74.00731853,Maiden Ln & Pearl St,264,27
40.72229346,-73.99147535,Stanton St & Chrystie St,265,35
40.75097711,-73.98765428,Broadway & W 36 St,267,78
40.71910537,-73.99973337,Howard St & Centre St,268,27
40.69308257,-73.97178913,Adelphi St & Myrtle Ave,270,28
40.68691865,-73.976682,Lafayette Ave & Fort Greene Pl,274,31
40.68650065,-73.96563307,Washington Ave & Greene Ave,275,19
40.71748752,-74.0104554,Duane St & Greenwich St,276,25
40.69766564,-73.98476437,Concord St & Bridge St,278,19
40.73331967,-73.99510132,E 10 St & 5 Ave,280,0
40.7643971,-73.97371465,Grand Army Plaza & Central Park S,281,66
40.707644944175705,-73.96841526031494,Kent Ave & S 11 St,282,27
40.7390169121,-74.0026376103,Greenwich Ave & 8 Ave,284,51
40.73454567,-73.99074142,Broadway & E 14 St,285,53
40.6845683,-73.95881081,Monroe St & Classon Ave,289,19
40.713126,-73.984844,Madison St & Montgomery St,291,20
40.73020660529954,-73.99102628231049,Lafayette St & E 8 St,293,54
40.71406667,-73.99293911,Pike St & E Broadway,295,24
40.734232,-73.986923,E 15 St & 3 Ave,297,77
40.68683208,-73.9796772,3 Ave & Schermerhorn St,298,35
40.72217444,-73.98368779,E 2 St & Avenue B,301,58
40.72082834,-73.97793172,Avenue D & E 3 St,302,37
40.72362738,-73.99949601,Mercer St & Spring St,303,67
40.70463334,-74.01361706,Broadway & Battery Pl,304,35
40.76095756,-73.96724467,E 58 St & 3 Ave,305,33
40.71427487,-73.98990025,Canal St & Rutgers St,307,31
40.71307916,-73.99851193,St James Pl & Oliver St,308,48
40.7149787,-74.013012,Murray St & West St,309,41
40.68926942,-73.98912867,State St & Smith St,310,66
40.7172274,-73.98802084,Norfolk St & Broome St,311,31
40.722055,-73.989111,Allen St & Stanton St,312,33
40.69610226,-73.96751037,Washington Ave & Park Ave,313,55
40.70355377,-74.00670227,South St & Gouverneur Ln,315,29
40.70955958,-74.00653609,Fulton St & William St,316,43
40.72453734,-73.98185424,E 6 St & Avenue B,317,67
40.711066,-74.009447,Fulton St & Broadway,319,33
40.717571,-74.005549,Leonard St & Church St,320,0
40.69991755,-73.98971773,Cadman Plaza E & Red Cross Pl,321,39
40.69236178,-73.98631746,Lawrence St & Willoughby St,323,39
40.689888,-73.981013,DeKalb Ave & Hudson Ave,324,74
40.73624527,-73.98473765,E 19 St & 3 Ave,325,35
40.72953837,-73.98426726,E 11 St & 1 Ave,326,41
40.7153379,-74.01658354,Vesey Pl & River Terrace,327,39
40.72405549,-74.00965965,Watts St & Greenwich St,328,35
40.71450451,-74.00562789,Reade St & Broadway,330,42
40.71173107,-73.99193043,Pike St & Monroe St,331,27
40.71219906,-73.97948148,Cherry St,332,36
40.74238787,-73.99726235,W 20 St & 7 Ave,334,44
40.72903917,-73.99404649,Washington Pl & Broadway,335,27
40.73047747,-73.99906065,Sullivan St & Washington Sq,336,36
40.71269042,-73.98776323,Madison St & Clinton St,340,27
40.71782143,-73.97628939,Stanton St & Mangin St,341,19
40.71739973,-73.98016555,Columbia St & Rivington St,342,29
40.69794,-73.96986848,Clinton Ave & Flushing Ave,343,23
40.6851443,-73.95380904,Monroe St & Bedford Ave,344,23
40.73652889,-74.00618026,Bank St & Hudson St,346,27
40.728846,-74.008591,Greenwich St & W Houston St,347,54
40.71850211,-73.98329859,Rivington St & Ridge St,349,61
40.71559509,-73.9870295,Clinton St & Grand St,350,47
40.70530954,-74.00612572,Front St & Maiden Ln,351,39
40.68539567,-73.97431458,S Portland Ave & Hanson Pl,353,27
40.69363137,-73.96223558,Emerson Pl & Myrtle Ave,354,47
40.71602118,-73.99974372,Bayard St & Baxter St,355,43
40.71622644,-73.98261206,Bialystoker Pl & Delancey St,356,23
40.73291553,-74.00711384,Christopher St & Greenwich St,358,50
40.75510267,-73.97498696,E 47 St & Park Ave,359,79
40.70717936,-74.00887308,William St & Pine St,360,39
40.71605866,-73.99190759,Allen St & Hester St,361,79
40.75172632,-73.98753523,Broadway & W 37 St,362,57
40.70834698,-74.01713445,West Thames St,363,49
40.68900443,-73.96023854,Lafayette Ave & Classon Ave,364,27
40.693261,-73.968896,Clinton Ave & Myrtle Ave,366,33
40.75828065,-73.97069431,E 53 St & Lexington Ave,367,43
40.73038599,-74.00214988,Carmine St & 6 Ave,368,47
40.73224119,-74.00026394,Washington Pl & 6 Ave,369,76
40.694546087246025,-73.95801365375519,Franklin Ave & Myrtle Ave,372,27
40.69331716,-73.95381995,Willoughby Ave & Walworth St,373,19
40.70862144,-74.00722156,John St & William St,376,43
40.72243797,-74.00566443,6 Ave & Canal St,377,49
40.749156,-73.9916,W 31 St & 7 Ave,379,56
40.73401143,-74.00293877,W 4 St & 7 Ave S,380,42
40.735238,-74.000271,Greenwich Ave & Charles St,383,39
40.75797322,-73.96603308,E 55 St & 2 Ave,385,29
40.71494807,-74.00234482,Centre St & Worth St,386,82
40.71273266,-74.0046073,Centre St & Chambers St,387,39
40.749717753,-74.002950346,W 26 St & 10 Ave,388,35
40.71044554,-73.96525063,Broadway & Berry St,389,27
40.69221589,-73.9842844,Duffield St & Willoughby St,390,31
40.69760127,-73.99344559,Clark St & Henry St,391,43
40.695065,-73.987167,Jay St & Tech Pl,392,35
40.72299208,-73.97995466,E 5 St & Avenue C,393,37
40.72521311,-73.97768752,E 9 St & Avenue C,394,34
40.680342423,-73.9557689392,Lefferts Pl & Franklin Ave,396,25
40.68415748,-73.96922273,Fulton St & Clermont Ave,397,75
40.69165183,-73.9999786,Atlantic Ave & Furman St,398,37
40.68851534,-73.9647628,Lafayette Ave & St James Pl,399,39
40.71926081,-73.98178024,Pitt St & Stanton St,400,15
40.72019576,-73.98997825,Allen St & Rivington St,401,42
40.7403432,-73.98955109,Broadway & E 22 St,402,41
40.72502876,-73.99069656,E 2 St & 2 Ave,403,58
40.739323,-74.008119,Washington St & Gansevoort St,405,51
40.69512845,-73.99595065,Hicks St & Montague St,406,20
40.71076228,-73.99400398,Market St & Cherry St,408,45
40.72066442,-73.98517977,Suffolk St & Stanton St,410,79
40.72228087,-73.97668709,E 6 St & Avenue D,411,31
40.7158155,-73.99422366,Forsyth St & Canal St,412,29
40.7047177,-74.00926027,Pearl St & Hanover Square,415,46
40.68753406,-73.97265183,Cumberland St & Lafayette Ave,416,31
40.71291224,-74.01020234,Barclay St & Church St,417,25
40.70224,-73.982578,Front St & Gold St,418,37
40.69580705,-73.97355569,Carlton Ave & Park Ave,419,23
40.68764484,-73.96968902,Clermont Ave & Lafayette Ave,420,51
40.69573398,-73.97129668,Clermont Ave & Park Ave,421,19
40.770513,-73.988038,W 59 St & 10 Ave,422,79
40.76584941,-73.98690506,W 54 St & 9 Ave,423,27
40.71754834,-74.01322069,West St & Chambers St,426,31
40.701907,-74.013942,Bus Slip & State St,427,47
40.72467721,-73.98783413,E 3 St & 1 Ave,428,41
40.72621788,-73.98379855,E 7 St & Avenue A,432,31
40.74317449,-74.00366443,9 Ave & W 18 St,434,60
40.74173969,-73.99415556,W 21 St & 6 Ave,435,50
40.68216564,-73.95399026,Hancock St & Bedford Ave,436,27
40.6809833854,-73.9500479759,Macon St & Nostrand Ave,437,24
40.72779126,-73.98564945,St Marks Pl & 1 Ave,438,47
40.7262807,-73.98978041,E 4 St & 2 Ave,439,43
40.75255434,-73.97282625,E 45 St & 3 Ave,440,32
40.746647,-73.993915,W 27 St & 7 Ave,442,51
40.70853074,-73.96408963,Bedford Ave & S 9 St,443,23
40.72740794,-73.98142006,E 10 St & Avenue A,445,81
40.74487634,-73.99529885,W 24 St & 7 Ave,446,79
40.76370739,-73.9851615,8 Ave & W 52 St,447,31
40.75660359,-73.9979009,W 37 St & 10 Ave,448,27
40.76227205,-73.98788205,W 49 St & 8 Ave,450,67
40.74475148,-73.99915362,W 22 St & 8 Ave,453,66
40.75455731,-73.96592976,E 51 St & 1 Ave,454,35
40.75001986,-73.96905301,1 Ave & E 44 St,455,59
40.7597108,-73.97402311,E 53 St & Madison Ave,456,34
40.76695317,-73.98169333,Broadway & W 58 St,457,79
40.751396,-74.005226,11 Ave & W 27 St,458,31
40.71285887,-73.96590294,S 4 St & Wythe Ave,460,25
40.73587678,-73.98205027,E 20 St & 2 Ave,461,56
40.74691959,-74.00451887,W 22 St & 10 Ave,462,77
40.75934501,-73.96759673,E 56 St & 3 Ave,464,53
40.75513557,-73.98658032,Broadway & W 41 St,465,39
40.74395411,-73.99144871,W 25 St & 6 Ave,466,35
40.68312489,-73.97895137,Dean St & 4 Ave,467,34
40.7652654,-73.98192338,Broadway & W 56 St,468,65
40.76344058,-73.98268129,Broadway & W 53 St,469,57
40.74345335,-74.00004031,W 20 St & 8 Ave,470,84
40.71286844,-73.95698119,Grand St & Havemeyer St,471,31
40.7457121,-73.98194829,E 32 St & Park Ave,472,55
40.72110063,-73.9919254,Rivington St & Chrystie St,473,64
40.7451677,-73.98683077,5 Ave & E 29 St,474,56
40.74394314,-73.97966069,E 31 St & 3 Ave,476,65
40.75640548,-73.9900262,W 41 St & 8 Ave,477,71
40.76030096,-73.99884222,11 Ave & W 41 St,478,37
40.76019252,-73.9912551,9 Ave & W 45 St,479,31
40.76669671,-73.99061728,W 53 St & 10 Ave,480,29
40.71260486,-73.96264403,S 3 St & Bedford Ave,481,25
40.73935542,-73.99931783,W 15 St & 7 Ave,482,79
40.73223272,-73.98889957,E 12 St & 3 Ave,483,48
40.75500254,-73.98014437,W 44 St & 5 Ave,484,46
40.75038009,-73.98338988,W 37 St & 5 Ave,485,40
40.7462009,-73.98855723,Broadway & W 29 St,486,41
40.73314259,-73.97573881,E 20 St & FDR Drive,487,35
40.75066386,-74.00176802,10 Ave & W 28 St,489,49
40.751551,-73.993934,8 Ave & W 33 St,490,66
40.75019995,-73.99093085,W 33 St & 7 Ave,492,68
40.74734825,-73.99723551,W 26 St & 8 Ave,494,66
40.76269882,-73.99301222,W 47 St & 10 Ave,495,39
40.73726186,-73.99238967,E 16 St & 5 Ave,496,65
40.73704984,-73.99009296,E 17 St & Broadway,497,66
40.76915505,-73.98191841,Broadway & W 60 St,499,36
40.76228826,-73.98336183,Broadway & W 51 St,500,52
40.744219,-73.97121214,FDR Drive & E 35 St,501,83
40.714211,-73.981095,Henry St & Grand St,502,36
40.73827428,-73.98751968,E 20 St & Park Ave,503,31
40.73221853,-73.98165557,1 Ave & E 16 St,504,54
40.74901271,-73.98848395,6 Ave & W 33 St,505,52
40.73912601,-73.97973776,E 25 St & 2 Ave,507,45
40.76341379,-73.99667444,W 46 St & 11 Ave,508,25
40.7454973,-74.00197139,9 Ave & W 22 St,509,61
40.7606597,-73.98042047,W 51 St & 6 Ave,510,55
40.72938685,-73.97772429,E 14 St & Avenue B,511,31
40.7500727,-73.99839279,W 29 St & 9 Ave,512,29
40.768254,-73.988639,W 56 St & 10 Ave,513,29
40.76087502,-74.00277668,12 Ave & W 40 St,514,51
40.76009437,-73.99461843,W 43 St & 10 Ave,515,79
40.75206862,-73.96784384,E 47 St & 1 Ave,516,31
40.751581,-73.97791,Pershing Square South,517,69
40.751873,-73.977706,Pershing Square North,519,69
40.75714758,-73.97207836,E 51 St & Lexington Ave,522,51
40.75594159,-74.0021163,W 34 St & 11 Ave,525,56
40.74765947,-73.98490707,E 33 St & 5 Ave,526,40
40.74290902,-73.97706058,2 Ave & E 31 St,528,39
40.7575699,-73.99098507,W 42 St & 8 Ave,529,41
40.77149671054441,-73.99046033620834,11 Ave & W 59 St,530,24
40.71893904,-73.99266288,Forsyth St & Broome St,531,66
40.710451,-73.960876,S 5 Pl & S 5 St,532,43
40.75299641,-73.98721619,Broadway & W 38 St,533,47
40.70255065,-74.0127234,Water - Whitehall Plaza,534,31
40.74144387,-73.97536082,1 Ave & E 30 St,536,29
40.74025878,-73.98409214,Lexington Ave & E 24 St,537,53
40.71534825,-73.96024116,Metropolitan Ave & Bedford Ave,539,31
40.74311555376486,-73.98215353488922,Lexington Ave & E 29 St,540,54
40.736502,-73.97809472,E 23 St & 1 Ave,545,27
40.74444921,-73.98303529,E 30 St & Park Ave S,546,45
40.70255088,-73.98940236,Front St & Washington St,2000,57
40.716887,-73.963198,Wythe Ave & Metropolitan Ave,2002,27
40.733812191966315,-73.98054420948029,1 Ave & E 18 St,2003,54
40.70531194,-73.97100056,Railroad Ave & Kay Ave,2005,12
40.76590936,-73.97634151,Central Park S & 6 Ave,2006,49
40.70569254,-74.01677685,Little West St & 1 Pl,2008,24
40.71117444,-73.99682619,Catherine St & Monroe St,2009,35
40.72170005235607,-74.00238141417502,Grand St & Greene St,2010,65
40.739445,-73.976806,E 27 St & 1 Ave,2012,41
40.75022392,-73.97121414,E 43 St & 2 Ave,2017,39
40.75929124,-73.98859651,W 45 St & 8 Ave,2021,65
40.759107,-73.959223,E 60 St & York Ave,2022,33
40.72036775298455,-73.96165072917938,Kent Ave & N 7 St,3016,54
40.67890679,-73.94142771,Kingston Ave & Herkimer St,3041,24
40.6794268,-73.9298911,Fulton St & Utica Ave,3042,19
40.6814598,-73.934903,Lewis Ave & Decatur St,3043,19
40.6800105,-73.938475,Albany Ave & Fulton St,3044,27
40.682601,-73.938037,Marcus Garvey Blvd & Macon St,3046,19
40.6823687,-73.944118,Halsey St & Tompkins Ave,3047,21
40.68402,-73.94977,Putnam Ave & Nostrand Ave,3048,19
40.68488,-73.96304,Cambridge Pl & Gates Ave,3049,18
40.6851532,-73.94111,Putnam Ave & Throop Ave,3050,21
40.686312,-73.935775,Lewis Ave & Madison St,3052,23
40.6900815,-73.947915,Marcy Ave & Lafayette Ave,3053,23
40.6894932,-73.942061,Greene Ave & Throop Ave,3054,19
40.6883337,-73.950916,Greene Ave & Nostrand Ave,3055,23
40.69072549,-73.95133465,Kosciuszko St & Nostrand Ave,3056,23
40.69128258,-73.9452416,Kosciuszko St & Tompkins Ave,3057,18
40.69237074,-73.93705428,Lewis Ave & Kosciuszko St,3058,24
40.6933982,-73.939877,Pulaski St & Marcus Garvey Blvd,3059,19
40.69425403,-73.94626915,Willoughby Ave & Tompkins Ave,3060,19
40.69622937,-73.94371094,Throop Ave & Myrtle Ave,3061,21
40.69539817,-73.94954908,Myrtle Ave & Marcy Ave,3062,23
40.69527008,-73.95238108,Nostrand Ave & Myrtle Ave,3063,20
40.69681963,-73.93756926,Myrtle Ave & Lewis Ave,3064,23
40.70029511,-73.95032283,Union Ave & Wallabout St,3065,31
40.69957608,-73.94708417,Tompkins Ave & Hopkins St,3066,19
40.7016657,-73.9437303,Broadway & Whipple St,3067,27
40.7031724,-73.940636,Humboldt St & Varet St,3068,42
40.70411791,-73.94818595,Lorimer St & Broadway,3069,29
40.70510918,-73.94407279,McKibbin St & Manhattan Ave,3070,23
40.70538077,-73.94976519,Boerum St & Broadway,3071,19
40.70583339,-73.94644578,Leonard St & Boerum St,3072,24
40.70767788,-73.94016171,Montrose Ave & Bushwick Ave,3074,42
40.70708701,-73.95796783,Division Ave & Marcy Ave,3075,33
40.70870368,-73.9448625,Scholes St & Manhattan Ave,3076,36
40.70877084,-73.95095259,Stagg St & Union Ave,3077,33
40.70924826276157,-73.96063148975372,Broadway & Roebling St,3078,27
40.70934,-73.95608,S 4 St & Rodney St,3080,21
40.711863,-73.944024,Graham Ave & Grand St,3081,29
40.71167351,-73.95141312,Hope St & Union Ave,3082,25
40.71247661,-73.94100005,Bushwick Ave & Powers St,3083,32
40.71469,-73.95739,Roebling St & N 4 St,3085,25
40.715143,-73.944507,Graham Ave & Conselyea St,3086,30
40.71413311,-73.95234386,Metropolitan Ave & Meeker Ave,3087,30
40.7160751,-73.952029,Union Ave & Jackson St,3088,19
40.7190095,-73.95852515,Berry St & N 8 St,3092,27
40.71745169,-73.95850939,N 6 St & Bedford Ave,3093,28
40.7169811,-73.94485918,Graham Ave & Withers St,3094,18
40.71929301,-73.94500379,Graham Ave & Herbert St,3095,26
40.71924,-73.95242,Union Ave & N 12 St,3096,39
40.724812564400175,-73.94752621650696,Nassau Ave & Newell St,3100,51
40.72079821,-73.95484712,N 12 St & Bedford Ave,3101,27
40.72179134,-73.9504154,Driggs Ave & Lorimer St,3102,27
40.724055,-73.955736,N 15 St & Wythe Ave,3105,24
40.72325,-73.94308,Driggs Ave & N Henry St,3106,22
40.72311651,-73.95212324,Bedford Ave & Nassau Ave,3107,39
40.72557,-73.94434,Nassau Ave & Russell St,3108,51
40.72606,-73.95621,Banker St & Meserole Ave,3109,31
40.72708584,-73.95299117,Meserole Ave & Manhattan Ave,3110,28
40.72906,-73.95779,Milton St & Franklin St,3112,33
40.73026,-73.95394,Greenpoint Ave & Manhattan Ave,3113,27
40.73232194,-73.9550858,India St & Manhattan Ave,3115,50
40.73266,-73.95826,Huron St & Franklin St,3116,35
40.73564,-73.95866,Franklin St & Dupont St,3117,27
40.73555,-73.95284,McGuinness Blvd & Eagle St,3118,42
40.74232744,-73.95411749,Vernon Blvd & 50 Ave,3119,45
40.74524768,-73.94733276,Jackson Ave & 46 Rd,3121,27
40.744363287066875,-73.9558732509613,48 Ave & 5 St,3122,79
40.74469738,-73.93540375,31 St & Thomson Ave,3123,47
40.74731,-73.95451,46 Ave & 5 St,3124,43
40.74708586,-73.94977234,45 Rd & 11 St,3125,23
40.74718234,-73.9432635,44 Dr & Jackson Ave,3126,34
40.74966,-73.9521,9 St & 44 Rd,3127,34
40.75052534,-73.94594845,21 St & 43 Ave,3128,27
40.75110165,-73.94073717,Queens Plaza North & Crescent St,3129,40
40.75325964,-73.94335788,21 St & Queens Plaza North,3130,34
40.76712840349542,-73.96224617958069,E 68 St & 3 Ave,3131,36
40.76350532,-73.97109243,E 59 St & Madison Ave,3132,0
40.76312584,-73.96526895,3 Ave & E 62 St,3134,51
40.77112927,-73.95772297,E 75 St & 3 Ave,3135,41
40.766368,-73.971518,5 Ave & E 63 St,3136,51
40.77282817,-73.96685276,5 Ave & E 72 St,3137,31
40.77118287540658,-73.96409422159195,E 72 St & Park Ave,3139,43
40.77140426,-73.9535166,1 Ave & E 78 St,3140,57
40.76500525,-73.95818491,1 Ave & E 68 St,3141,62
40.7612274,-73.96094022,1 Ave & E 62 St,3142,45
40.77632142182271,-73.96427392959595,5 Ave & E 78 St,3143,47
40.77677702,-73.9590097,E 81 St & Park Ave,3144,46
40.77862688,-73.95772073,E 84 St & Park Ave,3145,45
40.77573034,-73.9567526,E 81 St & 3 Ave,3146,47
40.77801203,-73.95407149,E 85 St & 3 Ave,3147,39
40.77565541,-73.95068615,E 84 St & 1 Ave,3148,31
40.77536905,-73.94803392,E 85 St & York Ave,3150,47
40.7728384,-73.94989233,E 81 St & York Ave,3151,47
40.76873687,-73.96119945,3 Ave & E 71 St,3152,42
40.77314236,-73.95856158,E 77 St & 3 Ave,3154,46
40.76663814,-73.95348296,E 72 St & York Ave,3156,37
40.77518615,-73.94446054,East End Ave & E 86 St,3157,27
40.77163851,-73.98261428,W 63 St & Broadway,3158,31
40.77492513,-73.98266566,W 67 St & Broadway,3159,31
40.77896784,-73.97374737,Central Park West & W 76 St,3160,39
40.7801839724239,-73.97728532552719,W 76 St & Columbus Ave,3161,59
40.7734066,-73.97782542,Central Park West & W 68 St,3163,43
40.7770575,-73.97898475,Columbus Ave & W 72 St,3164,66
40.77579376683666,-73.9762057363987,Central Park West & W 72 St,3165,51
40.78057799010334,-73.98562431335449,Riverside Dr & W 72 St,3166,41
40.77966809007312,-73.98093044757842,Amsterdam Ave & W 73 St,3167,55
40.78720869,-73.98128127,Riverside Dr & W 82 St,3169,75
40.78499979,-73.97283406,W 84 St & Columbus Ave,3170,35
40.78524672,-73.97667321,Amsterdam Ave & W 82 St,3171,39
40.7785669,-73.97754961,W 74 St & Columbus Ave,3172,27
40.777507027547976,-73.98888587951659,Riverside Blvd & W 67 St,3173,79
40.77748046,-73.98288594,W 70 St & Amsterdam Ave,3175,43
40.7867947,-73.977112,W 84 St & Broadway,3177,63
40.78414472,-73.98362492,Riverside Dr & W 78 St,3178,79
40.698617,-73.941342,Park Ave & Marcus Garvey Blvd,3179,23
40.7141454,-74.0335519,Paulus Hook,3184,14
40.7177325,-74.043845,City Hall,3185,22
40.71958611647166,-74.04311746358871,Grove St PATH,3186,42
40.7211236,-74.03805095,Warren St,3187,22
40.7182113,-74.0836394,Union St,3191,18
40.7112423,-74.0557013,Liberty Light Rail,3192,22
40.7246050998869,-74.07840594649315,Lincoln Park,3193,18
40.7253399253558,-74.06762212514877,McGinley Square,3194,22
40.73089709786179,-74.06391263008118,Sip Ave,3195,34
40.7443187,-74.0439909,Riverview Park,3196,18
40.748715945380226,-74.04044330120087,Heights Elevator,3198,18
40.7287448,-74.0321082,Newport Pkwy,3199,14
40.737711,-74.066921,Dey St,3201,18
40.7272235,-74.0337589,Newport PATH,3202,18
40.727595966,-74.044247311,Hamilton Park,3203,26
40.71653978099194,-74.0496379137039,JC Medical Center,3205,22
40.7311689,-74.0575736,Hilltop,3206,26
40.7376037,-74.0524783,Oakland Ave,3207,26
40.7241765,-74.0506564,Brunswick St,3209,22
40.742677141,-74.051788633,Pershing Field,3210,18
40.72152515,-74.046304543,Newark Ave,3211,22
40.734785818,-74.050443636,Christ Hospital,3212,22
40.71848892,-74.047726625,Van Vorst Park,3213,22
40.7127742,-74.0364857,Essex Light Rail,3214,22
40.734961020009514,-74.0595030784607,5 Corners Library,3220,18
40.743,-73.93561,47 Ave & 31 St,3221,27
40.7236589,-74.0641943,Baldwin at Montgomery,3225,14
40.78275,-73.97137,W 82 St & Central Park West,3226,45
40.76780080148132,-73.96592080593109,E 67 St & Park Ave,3231,39
40.68962188790333,-73.98304268717766,Bond St & Fulton St,3232,47
40.75724567911726,-73.97805914282799,E 48 St & 5 Ave,3233,42
40.752165280621966,-73.97992193698882,E 41 St & Madison Ave,3235,34
40.75898481399634,-73.99379968643188,W 42 St & Dyer Ave,3236,33
40.686203,-73.944694,Monroe St & Tompkins Ave,3241,19
40.69102925677968,-73.99183362722397,Schermerhorn St & Court St,3242,59
40.75892386377695,-73.96226227283478,E 58 St & 1 Ave (NE Corner),3243,29
40.73143724085228,-73.99490341544151,University Pl & E 8 St,3244,79
40.694281141397326,-73.99230033159256,Montague St & Clinton St,3246,49
40.6803560840434,-73.9476791024208,Verona Pl & Fulton St,3249,19
40.7505853470215,-73.9946848154068,8 Ave & W 31 St,3255,19
40.7277140777778,-74.01129573583603,Pier 40 - Hudson River Park,3256,23
40.72706363348306,-73.99662137031554,Mercer St & Bleecker St,3260,45
40.72951496224949,-73.99075269699097,Cooper Square & Astor Pl,3263,59
40.7124188237569,-74.03852552175522,Morris Canal,3267,14
40.71346382669195,-74.06285852193832,Lafayette Park,3268,14
40.72601172964625,-74.05038893222809,Brunswick & 6th,3269,14
40.72528910781132,-74.04557168483734,Jersey & 6th St,3270,14
40.72333158646436,-74.04595255851744,Jersey & 3rd,3272,14
40.721650724879986,-74.04288411140442,Manila & 1st,3273,18
40.71835519823214,-74.03891444206238,Columbus Drive,3275,14
40.71458403535893,-74.04281705617905,Marin Light Rail,3276,26
40.71435836870427,-74.06661093235016,Communipaw & Berry Lane,3277,14
40.72568548362901,-74.04879033565521,Monmouth and 6th,3278,14
40.721630142638354,-74.04996782541275,Dixon Mills,3279,18
40.71928220070702,-74.07126188278198,Astor Place,3280,14
40.74590996631558,-74.0572714805603,Leonard Gordon Park,3281,14
40.78307,-73.95939,5 Ave & E 88 St,3282,0
40.7882213,-73.97041561,W 89 St & Columbus Ave,3283,47
40.781410700190015,-73.95595908164978,E 88 St & Park Ave,3284,38
40.78839,-73.9747,W 87 St & Amsterdam Ave,3285,43
40.7806284,-73.9521667,E 89 St & 3 Ave,3286,39
40.789622,-73.97757,W 87 St & West End Ave,3287,47
40.778301,-73.9488134,E 88 St & 1 Ave,3288,39
40.79017948095081,-73.97288918495178,W 90 St & Amsterdam Ave,3289,32
40.7779453,-73.946041,E 89 St & York Ave,3290,35
40.7857851,-73.957481,5 Ave & E 93 St,3292,43
40.7921,-73.9739,W 92 St & Broadway,3293,24
40.7835016,-73.955327,E 91 St & Park Ave,3294,38
40.782454175279874,-73.9489196240902,E 93 St & 2 Ave,3296,73
40.6686627,-73.97988067,6 St & 7 Ave,3297,21
40.686371,-73.99383324,Warren St & Court St,3298,23
40.78813,-73.95206,E 98 St & Park Ave,3299,25
40.66514681533792,-73.97637605667114,Prospect Park West & 8 St,3300,25
40.7919557,-73.968087,Columbus Ave & W 95 St,3301,39
40.7969347,-73.9643412291,Columbus Ave & W 103 St,3302,40
40.6849894,-73.99440329,Butler St & Court St,3303,25
40.668127,-73.98377641,6 Ave & 9 St,3304,27
40.78112229934166,-73.94965589046478,E 91 St & 2 Ave,3305,73
40.6662078,-73.98199886,10 St & 7 Ave,3306,23
40.7941654,-73.974124,West End Ave & W 94 St,3307,31
40.6861758,-73.99645295,Kane St & Clinton St,3308,27
40.7859201,-73.94860294,E 97 St & 3 Ave,3309,30
40.663779,-73.98396846,14 St & 7 Ave,3310,24
40.68763155,-74.0016256,Columbia St & Kane St,3311,20
40.7817212,-73.94594,1 Ave & E 94 St,3312,39
40.6663181,-73.9854617,6 Ave & 12 St,3313,29
40.7937704,-73.971888,W 95 St & Broadway,3314,32
40.6847514,-73.99917254,Henry St & Degraw St,3315,23
40.6686273,-73.98700053,10 St & 5 Ave,3317,24
40.7839636,-73.9471673,2 Ave & E 96 St,3318,45
40.666287,-73.98895053,14 St & 5 Ave,3319,21
40.6831164,-73.99785267,Clinton St & Union St,3321,25
40.668603,-73.9904394,12 St & 4 Ave,3322,25
40.7981856,-73.9605909006,W 106 St & Central Park West,3323,59
40.6685455,-73.99333264,3 Ave & 14 St,3324,25
40.7849032,-73.950503,E 95 St & 3 Ave,3325,31
40.67434,-74.00194698,Clinton St & Centre St,3326,21
40.7877214,-73.94728331,3 Ave & E 100 St,3327,27
40.795,-73.9645,W 100 St & Manhattan Ave,3328,39
40.6829151,-73.99318208,Degraw St & Smith St,3329,27
40.6725058,-74.00494695,Henry St & Bay St,3330,19
40.8013434,-73.9711457439,Riverside Dr & W 104 St,3331,57
40.681990442707026,-73.99079024791718,Degraw St & Hoyt St,3332,19
40.6747055,-74.0075572,Columbia St & Lorraine St,3333,21
40.6772744,-73.98282002,Union St & 4 Ave,3335,28
40.787801,-73.953559,E 97 St & Madison Ave,3336,41
40.67363551341504,-74.01195555925369,Dwight St & Van Dyke St,3337,23
40.7862586,-73.94552579,2 Ave & E 99 St,3338,31
40.6765304,-73.97846879,Berkeley Pl & 6 Ave,3339,23
40.6753274,-74.0100698,Wolcott St & Dwight St,3340,21
40.6777748,-74.0094613,Pioneer St & Richards St,3342,23
40.7997568,-73.9621128676,W 107 St & Columbus Ave,3343,23
40.679043,-74.011169,Pioneer St & Van Brunt St,3344,19
40.78948541553215,-73.95242929458618,Madison Ave & E 99 St,3345,35
40.675146838709786,-73.97523209452629,Berkeley Pl & 7 Ave,3346,29
40.6773429,-74.01275056,Van Brunt St & Wolcott St,3347,21
40.677236,-74.015665,Coffey St & Conover St,3348,19
40.6729679,-73.97087984,Grand Army Plaza & Plaza St West,3349,30
40.7973721,-73.97041192,W 100 St & Broadway,3350,39
40.7869946,-73.94164802,E 102 St & 1 Ave,3351,25
40.67267243410948,-74.0087952464819,Sigourney St & Columbia St,3352,21
40.668132,-73.97363831,3 St & Prospect Park West,3354,31
40.76800889305947,-73.96845281124115,E 66 St & Madison Ave,3355,25
40.7746671,-73.98470567,Amsterdam Ave & W 66 St,3356,21
40.8008363,-73.9664492472,W 106 St & Amsterdam Ave,3357,35
40.6711978,-73.97484126,Garfield Pl & 8 Ave,3358,25
40.7691572,-73.96703464,E 68 St & Madison Ave,3359,59
40.6740886,-73.9787282,Carroll St & 6 Ave,3361,23
40.7781314,-73.96069399,Madison Ave & E 82 St,3362,34
40.7904828,-73.95033068,E 102 St & Park Ave,3363,33
40.6751622,-73.9814832,Carroll St & 5 Ave,3364,27
40.6703837,-73.97839676,3 St & 7 Ave,3365,27
40.8021174,-73.9681805305,West End Ave & W 107 St,3366,31
40.7922553,-73.95249933,5 Ave & E 103 St,3367,39
40.6728155,-73.98352355,5 Ave & 3 St,3368,30
40.7724607,-73.9468208,E 82 St & East End Ave,3369,29
40.7727966,-73.95577801,E 78 St & 2 Ave,3370,25
40.7689738,-73.95482273,E 74 St & 1 Ave,3372,79
40.6750705,-73.98775226,3 St & 3 Ave,3373,27
40.799484,-73.955613,Central Park North & Adam Clayton Powell Blvd,3374,36
40.7699426,-73.96060712,3 Ave & E 72 St,3375,35
40.76471851944339,-73.96222069859505,E 65 St & 2 Ave,3376,48
40.6786115,-73.99037292,Carroll St & Bond St,3377,25
40.773763,-73.96222088,E 76 St & Park Ave,3378,28
40.7903051,-73.94755757,E 103 St & Lexington Ave,3379,35
40.6777287,-73.99364123,3 St & Hoyt St,3381,21
40.680611,-73.99475825,Carroll St & Smith St,3382,31
40.804213,-73.96699104,Cathedral Pkwy & Broadway,3383,25
40.6787242,-73.99599099,Smith St & 3 St,3384,25
40.6809591,-73.99905709,1 Pl & Clinton St,3386,27
40.7934337,-73.94945003,E 106 St & Madison Ave,3387,25
40.6828003,-73.99990419,President St & Henry St,3388,25
40.6830456,-74.00348559,Carroll St & Columbia St,3389,28
40.79329668,-73.9432083,E 109 St & 3 Ave,3390,24
40.7892529,-73.93956237,E 106 St & 1 Ave,3391,26
40.6812117,-74.00860912,Commerce St & Van Brunt St,3392,19
40.6794327,-74.00785041,Richards St & Delavan St,3393,19
40.6769993,-74.00647134,Columbia St & W 9 St,3394,21
40.6763744,-74.00324957,Henry St & W 9 St,3395,19
40.6783563,-74.00014502,Clinton St & 4 Place,3396,25
40.6763947,-73.99869893,Court St & Nelson St,3397,25
40.6746957,-73.99785768,Smith St & 9 St,3398,23
40.67260298150126,-73.98983001708984,7 St & 3 Ave,3399,24
40.7961535,-73.94782145,E 110 St & Madison Ave,3400,24
40.6902375,-73.99203074,Court St & State St,3402,32
40.6705135,-73.98876585,4 Ave & 9 St,3403,31
40.6704922,-73.98541675,7 St & 5 Ave,3404,27
40.6704836,-73.98208968,5 St & 6 Ave,3405,23
40.67909799721684,-73.98765474557877,Union St & Nevins St,3407,23
40.6881529,-73.99520919,Congress St & Clinton St,3408,27
40.6867443,-73.99063168,Bergen St & Smith St,3409,48
40.6864442,-73.98759104,Dean St & Hoyt St,3410,77
40.6849668,-73.98620772,Bond St & Bergen St,3411,27
40.6853761,-73.98302136,Pacific St & Nevins St,3412,18
40.680944723477296,-73.97567331790923,Bergen St & Flatbush Ave,3414,33
40.6793307,-73.97519523,Prospect Pl & 6 Ave,3415,25
40.6776147,-73.97324283,7 Ave & Park Pl,3416,25
40.6795766,-73.97854971,Baltic St & 5 Ave,3417,27
40.6750207,-73.97111473,Plaza St West & Flatbush Ave,3418,33
40.6792788,-73.98154004,Douglass St & 4 Ave,3419,27
40.6802133,-73.98432695,Douglass St & 3 Ave,3420,21
40.6843549,-73.98901629,Hoyt St & Warren St,3421,23
40.6859296,-74.00242364,Columbia St & Degraw St,3422,21
40.6610633719006,-73.97945255041122,West Drive & Prospect Park West,3423,29
40.791976,-73.945993,E 106 St & Lexington Ave,3424,27
40.7892105,-73.94370784,2 Ave & E 104 St,3425,33
40.68506807308177,-73.97790759801863,Hanson Pl & Ashland Pl,3429,39
40.71907891179564,-73.94223690032959,Richardson St & N Henry St,3430,25
40.718822,-73.99596,Grand St & Elizabeth St,3435,45
40.721319,-74.010065,Greenwich St & Hubert St,3436,35
40.79313480986663,-73.97700369358063,Riverside Dr & W 91 St,3437,58
40.692418292578466,-73.98949474096298,Fulton St & Adams St,3440,47
40.76132983124814,-73.97982001304626,W 52 St & 6 Ave,3443,41
40.71915571696044,-73.94885390996933,Bayard St & Leonard St,3452,43
40.71335226222875,-73.9491033554077,Devoe St & Lorimer St,3453,19
40.7103685423523,-73.94705951213837,Leonard St & Maujer St,3454,24
40.71638031973561,-73.94821286201477,Jackson St & Leonard St,3456,22
40.76302594280519,-73.97209525108337,E 58 St & Madison Ave,3457,46
40.75763227739443,-73.96930575370789,E 53 St & 3 Ave,3459,29
40.714851505262516,-74.01122331619263,Murray St & Greenwich St,3461,33
40.75118387463277,-73.97138714790344,E 44 St & 2 Ave,3462,39
40.735367055605394,-73.98797392845154,E 16 St & Irving Pl,3463,37
40.72494672359416,-74.00165855884552,W Broadway & Spring St,3467,79
40.73181401720966,-73.95995020866394,India St & West St,3469,23
40.742753828659026,-74.00747358798981,W 15 St & 10 Ave,3472,39
40.65539977447831,-74.01062786579132,39 St & 2 Ave,3477,33
40.65708866668485,-74.00870203971863,2 Ave & 36 St,3478,43
40.71649,-74.04105,York St,3481,22
40.71942,-74.05099,Montgomery St,3483,14
40.688417427540834,-73.98451656103134,Schermerhorn St & Bond St,3486,40
40.796879,-73.937261,E 116 St & 2 Ave,3490,31
40.79747,-73.93504,E 118 St & 1 Ave,3491,24
40.8005385,-73.9419949,E 118 St & Park Ave,3492,27
40.799139,-73.9389152,E 118 St & 3 Ave,3493,31
40.797911,-73.9423,E 115 St & Lexington Ave,3494,25
40.7945663,-73.9362541,E 114 St & 1 Ave,3495,26
40.7923272,-73.9383,1 Ave & E 110 St,3496,25
40.7949879,-73.9333349,Pleasant Ave & E 116 St,3497,23
40.7974772,-73.9311847,Pleasant Ave & E 120 St,3498,21
40.8006721,-73.9349,2 Ave & E 122 St,3499,25
40.7989445,-73.944846,E 115 St & Madison Ave,3500,31
40.8014866,-73.9442507,E 118 St & Madison Ave,3501,29
40.7954121,-73.9441232,Lexington Ave & E 111 St,3502,29
40.80295,-73.942954,Madison Ave & E 120 St,3503,30
40.8029263,-73.9379,E 123 St & Lexington Ave,3504,27
40.805726,-73.936322,Lexington Ave & E 127 St,3505,33
40.8013066,-73.9398167,Lexington Ave & E 120 St,3506,29
40.8045555,-73.9396861,Park Ave & E 124 St,3507,36
40.809725,-73.953149,St Nicholas Ave & Manhattan Ave,3508,31
40.8011939,-73.9500739,Lenox Ave & W 115 St,3509,31
40.8078316,-73.949373,Adam Clayton Powell Blvd & W 123 St,3510,31
40.802535,-73.9532423,Adam Clayton Powell Blvd & W 115 St,3511,22
40.774645,-73.923706,21 St & Hoyt Ave S,3513,33
40.7767,-73.927631,Astoria Park S & Shore Blvd,3514,33
40.774591,-73.918544,24 Ave & 26 St,3515,19
40.7699176,-73.9184057,31 St & Astoria Blvd,3516,31
40.7711528,-73.9170074,31 St & Hoyt Ave N,3517,34
40.808442,-73.9452087,Lenox Ave & W 126 St,3518,34
40.804372,-73.951475,Adam Clayton Powell Blvd & W 118 St,3520,27
40.7987859,-73.9523,Lenox Ave & W 111 St,3521,36
40.7701477,-73.9120938,37 St & 24 Ave,3522,19
40.7729,-73.916142,24 Ave & 29 St,3523,45
40.7774552,-73.9225403,19 St & 24 Ave,3524,23
40.776165,-73.9153175,23 Ave & 27 St,3525,21
40.7747878,-73.9125551,31 St & 23 Ave,3526,27
40.80698,-73.941747,5 Ave & E 126 St,3527,27
40.7713937,-73.9077436,Steinway St & 23 Ave,3528,21
40.8107922,-73.9430681,Lenox Ave & W 130 St,3529,25
40.7787185,-73.9145645,Crescent St & Ditmars Blvd,3530,19
40.8125511,-73.9492286,Frederick Douglass Blvd & W 129 St,3531,27
40.78145,-73.9183302,Ditmars Blvd & 19 St,3532,27
40.8114323,-73.9518776,St. Nicholas Ave & W 126 St,3533,34
40.805159,-73.954692,Frederick Douglass Blvd & W 117 St,3534,39
40.804038,-73.945925,Mt Morris Park W & W 120 St,3535,27
40.8082,-73.9641,W 116 St & Broadway,3536,43
40.6809741,-73.9710097,Carlton Ave & Dean St,3537,29
40.802692,-73.96295,W 110 St & Amsterdam Ave,3538,45
40.8067581,-73.9607082,W 116 St & Amsterdam Ave,3539,43
40.81,-73.9551508,Morningside Ave & W 123 St,3540,35
40.813358,-73.956461,Amsterdam Ave & W 125 St,3541,39
40.8086249,-73.9596214,Amsterdam Ave & W 119 St,3542,29
40.81028506306003,-73.95736455917358,Morningside Dr & Amsterdam Ave,3543,35
40.6804836,-73.9646795,Underhill Ave & Pacific St,3544,27
40.8120562,-73.9612547,Broadway & W 122 St,3545,33
40.6791944,-73.9587903,Pacific St & Classon Ave,3546,21
40.8143256,-73.9590255,Broadway & Moylan Pl,3547,41
40.678045,-73.962408,Grand Ave & Bergen St,3549,25
40.795508,-73.941606,3 Ave & E 112 St,3551,23
40.805973,-73.964928,W 113 St & Broadway,3552,39
40.801694,-73.957145,Frederick Douglass Blvd & W 112 St,3553,37
40.7552433,-73.9485678,Vernon Blvd & 41 Rd,3554,27
40.751047,-73.93797,28 St & 41 Ave,3555,27
40.75742,-73.945133,40 Ave & 9 St,3557,19
40.6794388,-73.9680438,Bergen St & Vanderbilt Ave,3558,27
40.7576314,-73.9391224,21 St & 38 Ave,3559,19
40.7531106,-73.9279917,37 Ave & 35 St,3561,26
40.6765198,-73.9596082,Classon Ave & St Marks Ave,3562,27
40.757186,-73.932719,28 St & 36 Ave,3563,29
40.7601853,-73.9362726,21 St & 36 Ave,3564,19
40.7614376,-73.9411265,36 Ave & 10 St,3565,19
40.7596276,-73.9321455,Crescent St & 35 Ave,3566,25
40.7569332,-73.9262231,34 St & 35 Ave,3568,21
40.6758324,-73.9561677,Franklin Ave & St Marks Ave,3569,29
40.7557327,-73.9236611,35 Ave & 37 St,3570,31
40.676368,-73.952918,Bedford Ave & Bergen St,3571,24
40.756913,-73.921631,34 Ave & 38 St,3572,33
40.7580583,-73.9242751,35 St & 34 Ave,3573,25
40.6769694,-73.96579,Prospect Pl & Underhill Ave,3574,23
40.76108,-73.930562,Crescent St & 34 Ave,3575,27
40.6767,-73.969024,Park Pl & Vanderbilt Ave,3576,27
40.7628138,-73.9342862,34 Ave & 21 St,3577,23
40.6741806,-73.9564947,Park Pl & Franklin Ave,3578,21
40.672695,-73.954131,Sterling Pl & Bedford Ave,3579,25
40.6737236,-73.9631611,St Johns Pl & Washington Ave,3580,30
40.6740123,-73.9671457,Underhill Ave & Lincoln Pl,3581,27
40.6721683,-73.9609,Lincoln Pl & Classon Ave,3582,28
40.6716493,-73.9631145,Eastern Pkwy & Washington Ave,3583,31
40.6707767,-73.9576801,Eastern Pkwy & Franklin Ave,3584,42
40.6691783,-73.9554162,Union St & Bedford Ave,3585,24
40.7638753,-73.9364848,34 Ave & 13 St,3586,19
40.6686744,-73.9618148,Carroll St & Washington Ave,3587,27
40.7671863,-73.9373554,Vernon Blvd & 10 St,3588,41
40.7668,-73.9347774,Broadway & 12 St,3589,31
40.6679411,-73.9588,Carroll St & Franklin Ave,3590,19
40.7659,-73.930819,21 St & 31 Dr,3591,21
40.7633589,-73.9286471,Crescent St & Broadway,3592,19
40.761584,-73.925921,31 St & Broadway,3593,35
40.760339,-73.9222427,35 St & Broadway,3595,18
40.6642406,-73.9574686,Sullivan Pl & Bedford Ave,3596,19
40.7577284,-73.9166368,43 St & Broadway,3597,25
40.7595701,-73.9142678,Newton Rd & 44 St,3598,19
40.7611488,-73.9170071,31 Ave & Steinway St,3600,27
40.6627059,-73.9569115,Sterling St & Bedford Ave,3601,19
40.763154,-73.920827,31 Ave & 34 St,3602,23
40.7647,-73.9240312,31 Ave & 30 St,3603,21
40.6630619,-73.9538746,Rogers Ave & Sterling St,3604,17
40.7658346,-73.9265474,31 Ave & Crescent St,3605,21
40.74252,-73.948852,49 Ave & 21 St,3606,21
40.7682,-73.9322662,31 Ave & 14 St,3607,19
40.7423737,-73.9566,5 St & 51 Ave,3608,21
40.7692475,-73.9354504,Vernon Blvd & 31 Ave,3609,23
40.770845,-73.934171,Vernon Blvd & 30 Rd,3610,33
40.7449067,-73.9534573,Vernon Blvd & 47 Rd,3611,31
40.7703743,-73.9286078,30 Ave & 21 St,3612,15
40.745038,-73.957539,Center Blvd & 48 Ave,3613,27
40.768692,-73.9249574,Crescent St & 30 Ave,3614,23
40.748,-73.9460927,44 Dr & 21 St,3615,21
40.7656251,-73.9136695,Steinway St & 28 Ave,3616,25
40.7671,-73.9169858,28 Ave & 35 St,3617,27
40.7485,-73.941275,27 St & Hunter St,3618,33
40.7713615,-73.9246145,Newtown Ave & 23 St,3619,27
40.7519071,-73.9479119,11 St & 43 Ave,3620,28
40.7739825,-73.9309134,27 Ave & 9 St,3621,40
40.80756,-73.939182,E 128 St & Madison Ave,3622,23
40.8109494,-73.9634,W 120 St & Claremont Ave,3623,39
40.8025566,-73.9490782,Lenox Ave & W 117 St,3628,31
40.809495347779475,-73.94776493310928,Adam Clayton Powell Blvd & W 126 St,3629,33
40.8038654,-73.9559308,Frederick Douglass Blvd & W 115 St,3630,33
40.75462324029105,-73.99516761302948,W 36 St & 9 Ave,3635,43
40.683238654603414,-73.96599590778351,Fulton St & Waverly Ave,3637,31
40.7242941,-74.0354826,Washington St,3638,18
40.7192517,-74.034234,Harborside,3639,30
40.73367,-74.0625,Journal Square,3640,18
40.74286877312112,-73.98918628692627,Broadway & W 25 St,3641,54
40.76315481910373,-73.93985509872437,35 Ave & 10 St,3646,26
40.74128309355993,-73.93725872039794,48 Ave & 30 Pl,3647,23
40.697950315695444,-73.97077560424805,Flushing Ave & Vanderbilt Ave,3648,25
40.814394437915816,-73.95324736833572,W 129 St & Convent Ave,3649,30
40.75186951421875,-73.93349289894103,31 St & Northern Blvd,3654,35
40.72307749068673,-73.98583620786667,E 2 St & Avenue A,3656,46
40.7435337324616,-74.00367558002472,W 18 St & 9 Ave,3658,27
40.666439306870814,-73.9605563879013,Montgomery St & Franklin Ave,3661,19
40.72019521437465,-74.0103006362915,North Moore St & Greenwich St,3664,30
40.7239567849954,-73.94984364509583,Leonard St & Nassau Ave,3668,26
40.774779448957275,-73.95427465438843,E 81 St & 2 Ave,3671,37
40.67759206937376,-73.955637216568,Dean St & Franklin Ave,3673,21
40.701403172577244,-73.98672670125961,Jay St & York St,3674,27
40.6758329439129,-74.01472628116608,Van Brunt St & Van Dyke St,3676,24
40.72755146730012,-74.07106071710587,Glenwood Ave,3677,18
40.72572613742557,-74.07195925712585,Fairmount Ave,3678,18
40.722103786686034,-74.07145500183105,Bergen Ave,3679,14
40.71517767732029,-74.03768330812454,Grand St,3681,18
40.739448201304036,-74.00507032871246,Gansevoort St & Hudson St,3686,39
40.74322681432173,-73.97449783980846,E 33 St & 1 Ave,3687,83
40.799041392882984,-73.96649479866028,W 104 St & Amsterdam Ave,3689,47
40.71334184275907,-74.00935515761375,Park Pl & Church St,3690,36
40.76408932350688,-73.91065120697021,28 Ave & 44 St,3691,19
40.72248188638219,-73.95921930670738,N 11 St & Kent Ave,3693,27
40.71113,-74.0789,Jackson Square,3694,18
40.77515953434235,-73.98918695747852,W 64 St & Thelonious Monk Circle,3697,43
40.763604677958625,-73.98917958140373,W 50 St & 9 Ave,3699,30
40.7437524099784,-73.94176483154297,47 Ave & Skillman Ave,3704,19
40.72840059450829,-73.99968780577183,Thompson St & Bleecker St,3705,41
40.741459,-73.983293,Lexington Ave & E 26 St,3707,55
40.735445,-73.99431,W 13 St & 5 Ave,3708,29
40.738046142482766,-73.99642959237099,W 15 St & 6 Ave,3709,51
40.72966729392978,-73.98067966103554,E 13 St & Avenue A,3711,47
40.754691750226016,-73.99740189313889,W 35 St & Dyer Ave,3712,41
40.70684203101325,-73.9544353965357,Division Ave & Hooper St,3714,61
40.71816969454208,-73.95520135760307,Driggs Ave & N 9 St,3715,31
40.753599202005596,-73.93795609474182,40 Ave & Crescent St,3716,23
40.72746420692392,-73.97950418293476,E 11 St & Avenue B,3718,46
40.7675487799971,-73.9209334552288,31 St & Newtown Ave,3721,37
40.7667405590595,-73.9790689945221,7 Ave & Central Park South,3724,39
40.7687620293096,-73.95840793848038,2 Ave & E 72 St,3725,41
40.743366080270214,-73.95960688591003,Center Blvd & 51 Ave,3726,23
40.71766197083994,-73.94880026578903,Frost St & Meeker Ave,3727,38
40.69535693320225,-73.99344027042389,Pierrepont St & Monroe Pl,3728,24
40.758397,-73.98255,W 47 St & 6 Ave,3731,46
40.730563,-73.973984,Avenue C & E 18 St,3733,46
40.759125,-73.962658,E 58 St &  1 Ave (NW Corner),3734,50
40.752694,-74.002353,W 30 St & 10 Ave,3735,38
40.727243,-73.976831,E 12 St & Ave C,3736,37
40.720747,-73.986274,Stanton St & Norfolk St,3737,35
40.719383,-73.991479,Delancey St & Eldridge St,3738,31
40.735918,-74.000939,Perry St & Greenwich Ave,3739,37
40.726378,-74.000472,W Broadway & W Houston St,3740,34
40.725864,-73.986389,1 Ave & E 5 St,3744,51
40.75651272984955,-73.92957486212252,36 Ave & 31 St,3745,27
40.724308321602166,-74.00473035871983,6 Ave & Broome St,3746,48
40.747573958954796,-73.9788007736206,Lexington Ave & E 36 St,3749,23
40.69064807082943,-73.95746178925037,DeKalb Ave & Franklin Ave,3755,19
40.704508,-73.9351,White St & Moore St,3756,21
40.710681,-73.93372,Stagg St & Morgan Ave,3757,23
40.702997,-73.92997,George St & Wilson Ave,3758,19
40.70538,-73.92535,Irving Ave & Jefferson St,3759,19
40.705614,-73.92153,Willoughby Ave & Wyckoff Ave,3760,23
40.697842,-73.926241,Cedar St & Myrtle Ave,3761,27
40.677027,-73.9865,3 Ave & Carroll St,3762,27
40.707165,-73.923711,Wyckoff Av & Jefferson St,3763,27
40.705517,-73.93936,Bushwick Ave & McKibbin St,3764,21
40.709897,-73.94008,Bushwick Ave & Stagg St,3765,21
40.715353,-73.93856,Sharon St & Olive St,3766,24
40.71323,-73.93894,Powers St & Olive St,3767,19
40.71019,-73.93734,Waterbury St & Stagg St,3768,23
40.707174,-73.93581,White St & Johnson Ave,3769,23
40.702831,-73.9333,Central Ave & Flushing Ave,3770,21
40.706237,-73.933871,McKibbin St & Bogart St,3771,30
40.713811,-73.93515,Devoe St & Morgan Ave,3772,19
40.70539,-73.92976,Knickerbocker Ave & Thames St,3773,20
40.704425,-73.92836,Knickerbocker Ave & George St,3774,23
40.702013,-73.923769,Suydam St & Knickerbocker Ave,3775,27
40.700003,-73.92834,Central Ave & Starr Street,3776,23
40.699304,-73.923044,Stockholm St & Wilson Ave,3777,23
40.7027,-73.92095,Irving Ave & DeKalb Ave,3778,27
40.704876,-73.919911,Hart St & Wyckoff Ave,3779,24
40.703545,-73.917775,Wyckoff Av & Stanhope St,3780,22
40.698568,-73.918877,Greene Av & Myrtle Av,3781,30
40.698458,-73.997178,Brooklyn Bridge Park - Pier 2,3782,31
40.70838,-74.00495,Cliff St & Fulton St,3783,65
40.75492,-73.98455,W 42 St & 6 Ave,3785,37
40.714193,-73.996732,Division St & Bowery,3786,49
40.69985,-73.97141,Dock 72 Way & Market St,3787,22
40.68186,-73.959432,Fulton St & Irving Pl,3789,31
40.7003,-73.991581,Henry St & Middagh St,3790,37
40.73520838045357,-74.04696375131607,Hoboken Ave at Monmouth St,3791,32
40.71687,-74.03281,Columbus Dr at Exchange Pl,3792,30
40.671907,-73.993612,10 St & 2 Ave,3795,19
40.752269,-73.982079,W 40 St & 5 Ave,3798,55
40.74964,-73.98805,6 Ave & W 34 St,3799,67
40.665816,-73.956934,Bedford Ave & Montgomery St,3803,27
40.702461,-73.986842,Front St & Jay St,3804,24
40.752474,-73.939991,24 St & 41 Ave,3808,19
40.763189,-73.978434,W 55 St & 6 Ave,3809,53
40.77485,-73.9342,27 Ave & 3 St,3811,19
40.734814,-73.992085,University Pl & E 14 St,3812,49
40.745686,-74.005141,W 20 St & 10 Ave,3813,49
40.761573,-73.972628,E 56 St & Madison Ave,3814,23
40.755293,-73.967641,E 51 St & 2 Ave,3815,41
40.71429,-73.93323,Metropolitan Ave & Vandervoort Ave,3816,24
40.71773,-73.94051,Withers St & Kingsland Ave,3817,18
40.72984,-73.94839,Calyer St & Jewel St,3818,40
40.73396,-73.95204,Green St & McGuinness Blvd,3819,20
40.69757,-73.93098,Willoughby Ave & Myrtle Ave,3820,19
40.70106,-73.93318,Evergreen Ave & Noll St,3821,25
40.70076,-73.93641,Bushwick Ave & Forrest St,3822,20
40.70099,-73.93921,Beaver St & Fayette St,3823,30
40.6786,-73.90369,Van Sinderen Ave & Truxton St,3824,23
40.68139,-73.90756,Broadway & Furman Ave,3825,29
40.68458,-73.90925,Moffat St & Bushwick,3826,18
40.68565,-73.91564,Halsey St & Broadway,3827,20
40.68652,-73.91321,Eldert St & Bushwick Ave,3828,22
40.6882,-73.90798,Central Ave & Decatur St,3829,24
40.68858,-73.91227,Halsey St & Evergreen Ave,3830,22
40.68663,-73.9168,Broadway & Hancock St,3831,35
40.69055,-73.91181,Central Ave & Weirfield St,3832,21
40.69122,-73.91693,Madison St & Evergreen Ave,3833,18
40.69467,-73.90663,Irving Ave & Halsey St,3834,19
40.69385,-73.90974,Knickerbocker Ave & Hancock St,3835,22
40.69146,-73.92146,Bushwick Ave & Linden St,3836,29
40.69329,-73.92852,Broadway & Kosciuszko St,3837,29
40.69356,-73.92524,Bushwick Ave & Harman St,3838,25
40.69545,-73.91164,Putnam Ave & Knickerbocker Ave,3839,29
40.69811,-73.90904,Putnam Ave & Wyckoff Ave,3840,24
40.69543,-73.9196,Menahan St & Central Ave,3841,25
40.69502,-73.92825,Bushwick Ave & Dekalb Ave,3842,29
40.69905,-73.91516,Myrtle Ave & Grove St,3843,23
40.69943,-73.91337,Myrtle Ave & Linden St,3844,25
40.70108,-73.9179,Irving Ave & Harman St,3845,21
40.69676,-73.92302,Central Ave & Himrod St,3846,25
40.69671,-73.92807,Cedar St & Evergreen Ave,3847,25
40.69544,-73.93223,Suydam St & Broadway,3848,32
40.70636,-73.91945,Suydam St & St. Nicholas Ave,3849,17
40.70907,-73.92157,Jefferson St & Cypress Ave,3850,25
40.71401,-73.92793,Metropolitan Ave & Stewart Ave,3851,20
40.70869,-73.92587,Stewart Ave & Johnson Ave,3852,17
40.70686,-73.92851,Harrison Pl & Porter Ave,3853,20
40.716657,-73.93637,Morgan Ave & Maspeth Ave,3854,24
40.71882,-73.93948,Frost St & Debevoise Ave,3855,22
40.72577,-73.94173,Kingsland Ave & Nassau Ave,3856,25
40.72158,-73.94546,Engert Ave & McGuinness Blvd,3857,19
40.73124,-73.95161,Kent St & McGuinness Blvd,3858,20
40.72795,-73.95414,Lorimer St & Calyer St,3859,20
40.70166,-73.92754,Wilson Ave & Troutman St,3860,26
40.70113,-73.91422,Menahan St & Wyckoff Ave,3861,20
40.69714,-73.91566,Linden St & Knickerbocker Ave,3862,18
40.69296,-73.91605,Central Ave & Woodbine St,3863,18
40.68929,-73.90951,Central Ave & Covert St,3864,30
40.69081,-73.90448,Knickerbocker Ave & Cooper St,3865,24
40.68906,-73.90506,Wilson Ave & Moffat St,3866,32
40.67945,-73.90474,Somers St & Broadway,3867,29
40.693,-73.90824,Knickerbocker Ave & Halsey St,3868,19
40.692,-73.92617,Van Buren St & Broadway,3869,24
40.697481,-73.935877,Melrose St & Broadway,3870,20
40.68281,-73.90623,Bushwick Ave & Furman Ave,3871,30
40.6972,-73.90674,Hancock St & Wyckoff Ave,3872,19
40.70068,-73.90742,Madison St & Cypress Ave,3873,17
40.70461,-73.91054,Menahan St & Seneca Ave,3874,16
40.6988,-73.9007,Stephen St & Seneca Ave,3875,15
40.69922,-73.89795,Forest Ave & Summerfield St,3876,23
40.70555,-73.90245,Madison St & Forest Ave,3877,25
40.69812,-73.90271,Cypress Ave & George St,3878,19
40.68822,-73.91966,Broadway & Madison St,3879,25
40.7098,-73.91727,Willoughby Ave & Onderdonk Ave,3880,27
40.818299,-73.960405,12 Ave & W 125 St,3881,39
40.69517,-73.90311,Norman St & Wyckoff Ave,3882,15
40.70577,-73.91292,Harman St & Seneca Ave,3883,19
40.69969,-73.9022,Centre St & Seneca Ave,3884,23
40.70413,-73.90737,Onderdonk Ave & Gates Ave,3885,19
40.70553,-73.9096,Menahan St & Onderdonk Ave,3886,20
40.71246,-73.91873,Flushing Ave & Woodward Ave,3887,21
40.70793,-73.91092,Woodward Ave & Harman St,3888,19
40.69047,-73.923511,Grove St & Broadway,3890,31
40.698,-73.9127,Irving Ave & Palmetto St,3891,20
40.75473,-73.93367,38 Ave & 29 St,3892,19
40.68319988172761,-73.91166642308235,Rockaway Ave & Bainbridge St,3893,25
40.740983,-74.001702,8 Ave & W 16 St,3894,36
40.701573408737914,-73.90876293182373,Cypress Ave & Palmetto St,3895,25
40.70183,-73.90625,Madison St & Seneca Ave,3896,22
40.70863,-73.91497,Onderdonk Ave & Dekalb Ave,3897,17
40.763954,-73.9646,E 63 St & 3 Ave,3898,57
40.72084,-73.94844,Manhattan Av & Leonard St,3899,18
40.72226,-73.93889,Morgan Ave & Lombardy St,3900,30
40.70998,-73.91116,Stanhope St & Fairview Ave,3901,17
40.70694,-73.90632,Fairview Ave & Linden St,3902,19
40.68989,-73.91458,Jefferson Ave & Evergreen Ave,3903,17
40.699871408829885,-73.91171872615814,Wyckoff Ave & Gates Ave,3904,0
40.732647,-73.99011,4 Ave & E 12 St,3905,27
40.711444,-74.014847,West St & Liberty St,3906,32
40.70112,-73.93039,Central Ave & Melrose St,3907,17
40.70408,-73.90408,Madison St & Woodward Ave,3909,20
40.709697,-73.907856,Greene Ave & Grandview Ave,3910,17
40.683426,-73.984275,Wyckoff St & Nevins St,3911,22
40.699569,-73.979827,Sands St Gate,3913,19
40.783786,-73.981687,West End Ave & W 78 St,3914,39
40.708485,-74.002751,Pearl St & Peck Slip,3916,45
40.69178,-73.97877,Willoughby St & Ashland Pl,3917,31
40.72387,-73.975767,Avenue D & E 8 St,3918,30
40.810224,-73.937195,E 132 St & Madison Ave,3920,19
40.805701,-73.925177,Willis Ave & Bruckner Blvd,3921,19
40.807466,-73.927107,Alexander Ave & E 134 St,3922,19
40.808484,-73.928803,Lincoln Ave & E 134 St,3923,17
40.810893,-73.927311,Lincoln Ave & E 138 St,3924,26
40.812304,-73.929153,E 138 St & Canal St W,3925,21
40.81014,-73.93973,5 Ave & W 131 St,3926,20
40.81296,-73.941878,Lenox Ave & W 133 St,3927,27
40.813539,-73.94521,Adam Clayton Powell Blvd & W 132 St,3928,18
40.81093,-73.921606,Willis Ave & E 141 St,3929,19
40.812735,-73.923697,E 142 St & 3 Ave,3930,19
40.814469,-73.924963,Morris Ave & E 142 St,3931,23
40.816576,-73.927987,Grand Concourse & E 144 St,3932,23
40.817755,-73.92965,Gerard Ave & E 146 St,3933,19
40.816234,-73.948222,St Nicholas Ave & W 134 St,3934,27
40.816355,-73.954295,Amsterdam Ave & W 131 St,3935,19
40.820003,-73.959089,W 133 St & 12 Ave,3936,19
40.805089,-73.918889,E 135 St & St Ann's Ave,3937,23
40.80262,-73.9174,E 133 St & Cypress Pl,3938,19
40.800933,-73.913863,Willow Ave & E 133 St,3939,21
40.800425,-73.911034,E 134 St & Walnut Ave,3940,16
40.801657,-73.909513,Walnut Ave & E 136 St,3941,17
40.8190344,-73.956156,Broadway & W 133 St,3942,21
40.818215,-73.950988,Convent Ave & W 135 St,3944,30
40.819746,-73.951819,Amsterdam Ave & W 136 St,3945,21
40.818477,-73.947568,St Nicholas Ave & W 137 St,3946,21
40.804168,-73.911545,E 138 St & Willow Ave,3947,18
40.805559,-73.914718,E 138 St & Cypress Ave,3948,23
40.807408,-73.91924,Brook Ave & E 138 St,3949,23
40.809619,-73.917875,Brook Ave & E 141 St,3950,19
40.808633,-73.916124,E 141 St & St Ann's Ave,3951,19
40.806896,-73.911837,E 141 St & Jackson Ave,3952,19
40.82281,-73.937413,W 147 St & Adam Clayton Powell Blvd,3953,25
40.808891,-73.91081,St Mary's St & Jackson Ave,3955,19
40.811112,-73.914932,St. Ann's Ave & E 144 St,3956,23
40.811675,-73.917037,E 144 St & Brook Ave,3957,19
40.812299,-73.92037,Willis Ave & E 143 St,3958,23
40.823498,-73.94386,Edgecombe Ave & W 145 St,3959,31
40.822756,-73.951346,Hamilton Pl & W 140 St,3960,21
40.820036,-73.921411,Morris Ave & E 153 St,3961,19
40.816827,-73.917338,Melrose Ave & E 150 St,3963,31
40.814383,-73.915368,Brook Ave & E 148 St,3964,20
40.814046,-73.91186,E 149 St & Eagle Ave,3965,19
40.811314,-73.907729,Wales Ave & E 147 St,3966,19
40.826969,-73.949738,W 146 St & Broadway,3967,30
40.814232,-73.903927,Prospect Ave & E 151 St,3968,21
40.815887,-73.911918,St Ann's Ave & Westchester Ave,3969,19
40.819609,-73.916071,Melrose Ave & E 154 St,3970,19
40.822215,-73.914688,E 158 St & Melrose Ave,3972,23
40.827212,-73.942722,St Nicholas Ave & W 150 St,3973,26
40.820713,-73.911759,Brook Ave & E 157 St,3975,21
40.819823,-73.912411,E 156 & Brook Ave,3976,19
40.81899,-73.90202,Prospect Ave & Longwood Ave,3977,29
40.82188,-73.907521,Cauldwell Ave & E 161 St,3978,18
40.829523,-73.944279,Amsterdam Ave & W 152 St,3980,20
40.830476,-73.939929,Harlem River Dr & W 155 St,3981,24
40.817166,-73.914737,Bergen Ave & E 152 St,3982,21
40.817802,-73.905203,Westchester Ave & E 156 St,3983,23
40.824013,-73.954743,W 140 St & Riverside Dr,3984,23
40.820302,-73.903944,E 160 St & Tinton Ave,3985,22
40.81734,-73.922962,E 149 St & Morris Ave,3986,35
40.813135,-73.909235,E 149 St & Jackson Ave,3987,23
40.805631,-73.934077,E 128 St & 3 Ave,3988,19
40.808384,-73.923604,Willis Ave & E 137 St,3989,22
40.8428422,-73.9421253,W 169 St & Fort Washington Ave,3992,47
40.802554,-73.933509,2 Ave & E 125 St,3994,30
40.812191,-73.937838,5 Ave & E 135 St,3995,21
40.806414,-73.936085,Lexington Ave & E 128 St,3996,24
40.815484,-73.935856,5 Av & W 139 St,3997,20
40.813619,-73.939336,W 135 St & Lenox Terrace Pl,3998,29
40.81695971032464,-73.9422959089279,Adam Clayton Powell Blvd & W 138 St,3999,23
40.819783,-73.936521,Lenox Ave & W 144 St,4000,22
40.821111,-73.935971,Lenox Ave & W 146 St,4001,24
40.820877,-73.939249,W 144 St & Adam Clayton Powell Blvd,4002,24
40.820681,-73.945144,Edgecombe Ave & W 141 St,4004,21
40.821294,-73.947868,St. Nicholas Terrace & Convent Ave,4005,24
40.814673,-73.91839,E 147 St & Bergen Ave,4006,25
40.823168,-73.955857,Riverside Dr & W 138 St,4007,30
40.824686,-73.951947,Broadway & W 142 St,4008,0
40.827305,-73.951989,Riverside Dr & W 145 St,4009,35
40.825244,-73.947257,W 145 St & Amsterdam Ave,4010,24
40.816124,-73.908116,Westchester Ave & Jackson Ave,4011,25
40.827075,-73.945909,W 148 St & Amsterdam Ave,4012,23
40.82831,-73.942924,Convent Ave & W 151 St,4013,24
40.829114,-73.950426,Riverside Dr & W 148 St,4014,22
40.82923,-73.936996,W 155 St & Frederick Douglass Blvd,4015,31
40.812346,-73.946168,Adam Clayton Powell Blvd & W 130 St,4016,22
40.81449,-73.936153,E 138 St & 5 Av,4017,22
40.817555,-73.957163,Broadway & W 131 St,4018,21
40.803399,-73.919763,St. Ann's Av & Bruckner Blvd,4019,17
40.825125,-73.941616,Bradhurst Ave & W 148 St,4020,22
40.813224,-73.930605,E 138 St & Grand Concourse,4021,21
40.818067,-73.937743,Lenox Ave & W 142 St,4022,0
40.819241,-73.941057,Adam Clayton Powell Blvd & W 141 St,4023,24
40.826406,-73.937948,Macombs Pl & W 152 St,4024,33
40.826881,-73.941427,Edgecombe Ave & W 150 St,4025,20
40.830663,-73.941323,St. Nicholas Ave & W 155 St,4027,23
40.830702,-73.936371,Frederick Douglass Blvd & Harlem River Dr,4028,19
40.816402,-73.919549,Courtlandt Ave & E 149 St,4029,23
40.822267,-73.916792,Courtlandt Ave & E 157 St,4030,23
40.81989,-73.908351,Cauldwell Ave & E 158 St,4031,19
40.82057,-73.917579,E 155 St & Courtlandt Ave,4032,19
40.821728,-73.952761,Hamilton Pl & W 138 St,4034,27
40.831327,-73.946665,Broadway & W 153 St,4035,20
40.7639089,-73.9477213,Motorgate,4036,36
40.757284,-73.9536,Roosevelt Island Tramway,4037,39
40.75370225419114,-73.95865201950072,Southpoint Park,4038,29
40.742684734875695,-73.98671329021454,Madison Ave & E 26 St,4040,51
40.825289,-73.936232,Adam Clayton Powell Blvd & W 151 St,4041,18
40.782535857724106,-73.97908508777618,W 78 St & Amsterdam Ave,4043,24
40.75461,-73.99177,8 Ave & W 38 St,4044,49
40.77237,-73.99005,West End Ave & W 60 St,4045,39
40.832081,-73.942386,Amsterdam Ave & W 156 St,4047,27
40.832314,-73.94102,St. Nicholas Ave & W 157 St,4048,20
40.833303,-73.939326,W 159 St & Edgecombe Ave,4050,21
40.834468,-73.939865,W 160 St & St. Nicholas Ave,4051,26
40.83618,-73.939789,Amsterdam Ave & W 162 St,4052,27
40.835798,-73.937496,W 163 St & Edgecombe Ave,4053,19
40.839278,-73.945446,W 163 St & Riverside Dr,4054,19
40.84004,-73.942939,W 165 St & Fort Washington Ave,4055,27
40.839137,-73.941409,Broadway & W 165 St,4056,24
40.839443,-73.937044,Amsterdam Ave & W 167 St,4057,23
40.75863,-73.97513,Madison Av & E 51 St,4058,41
40.842941,-73.938631,W 171 St & St. Nicholas Ave,4059,31
40.842173,-73.935111,Amsterdam Ave & W 172 St,4060,23
40.84522,-73.940493,Fort Washington Ave & W 173 St,4061,24
40.844044,-73.933651,Amsterdam Ave & W 175 St,4062,23
40.846052,-73.937648,Wadsworth Ave & W 175 St,4063,24
40.807347437082,-73.90809774398804,Southern Blvd & E 142 St,4064,23
40.848467,-73.936064,Wadsworth Ave & W 179 St,4065,35
40.847305,-73.933291,Audobon Ave & W 179 St,4066,23
40.847396,-73.931205,Amsterdam Ave & W 180 St,4067,23
40.852252,-73.937854,Fort Washington Ave & W 183 St,4068,30
40.848282,-73.941343,Cabrini Blvd & W 177 St,4069,24
40.849972,-73.938423,W 180 St & Ft Washington Ave,4070,24
40.835775,-73.9434,Broadway & W 160 St,4071,22
40.75793646243674,-73.97960275411606,W 48 St & Rockefeller Plaza,4072,40
40.75969995906254,-73.97808194160461,W 51 St & Rockefeller Plaza,4073,35
40.838191,-73.936085,Edgecombe Ave & W 167 St,4074,23
40.78476,-73.969862,Central Park West & W 85 St,4075,38
40.820089,-73.928947,E 150 St & Gerard Ave,4076,29
40.823732,-73.919379,Concourse Village East & E 158 St,4078,31
40.831444,-73.926226,Jerome Ave & E 164 St,4080,21
40.83173,-73.922394,Gerard Ave & E 165 St,4081,21
40.833909,-73.92112,Gerard Ave & McClellan St,4082,30
40.83649,-73.918316,Walton Ave & E 168 St,4083,20
40.835334,-73.9154,Sheridan Ave & E 168 St,4084,22
40.839549,-73.913004,Grand Concourse & E 171 St,4085,25
40.840536,-73.919228,Inwood Ave & W 170 St,4086,21
40.84207,-73.926075,W 170 St & University Ave,4087,22
40.843965,-73.920999,Nelson Ave & W 172 St,4088,20
40.823429,-73.924689,Grand Concourse & E 156 St,4090,21
40.829797,-73.931015,Jerome Ave & Ogden Ave,4091,21
40.830179,-73.928747,Jerome Ave & Anderson Ave,4092,19
40.827115,-73.92272,Grand Concourse & E 161 St,4093,25
40.825716,-73.915585,Park Ave & E 162 St,4094,21
40.83263,-73.925101,E 165 St & Jerome Ave,4095,21
40.834263,-73.917641,Grand Concourse & E 167 St,4096,30
40.839312,-73.922423,Shakespeare Ave & W 169 St,4098,20
40.834015,-73.908863,E 169 St & Webster Ave,4099,21
40.826677,-73.929327,E 153 St & E 157 St,4101,19
40.829608,-73.921461,Grand Concourse & E 164 St,4102,22
40.834457,-73.928381,Ogden Ave & W 165 St,4103,19
40.818212,-73.955277,Old Broadway & W 133 St,4104,20
40.823162,-73.923267,Concourse Village West & E 156 St,4105,21
40.832812,-73.929372,Ogden Ave & W 164 St,4106,19
40.837213,-73.908345,E 170 St & Clay Ave,4107,24
40.843264,-73.904867,Clay Ave & E 173 St,4108,19
40.84925,-73.93022,Amsterdam Ave & W 183 St,4109,21
40.72506551015475,-73.97515833377838,Avenue D & E 10 St,4110,30
40.74275179648995,-73.9847157150507,E 27 St & Park Ave S,4111,47
40.78294,-73.93077,Wards Meadow Comfort Station,4112,18
40.79346,-73.92389,Icahn Stadium,4113,22
40.79558,-73.91906,Sunken Meadow Comfort Station,4114,25
40.80046,-73.92404,Bronx Shore Comfort Station,4115,25
40.830262,-73.923391,Gerard Ave & E 164 St,4116,19
40.66407983678161,-73.96025128666679,Sullivan Pl & Franklin Ave,4117,27
40.70858894240581,-74.00935482235809,Liberty St & Nassau St,4118,45
40.749498546025194,-73.97729203113158,E 39 St & Lexington Ave,4120,43
40.74714,-73.97113,1 Ave & E 39 St,4121,53
40.79249519495111,-73.96417066463071,Central Park W & W 97 St,4122,53
40.796036841599836,-73.96158903853575,Central Park W & W 103 St,4123,40
40.788664991278836,-73.96680057048798,Central Park W & W 91 St,4124,48
40.827883,-73.927111,E 161 St & River Ave,4125,38
40.825737,-73.927311,E 157 St & River Ave,4126,19
40.839142,-73.925961,Ogden Ave & Merriam Ave,4127,19
40.837576,-73.910489,College Ave & E 170 St,4128,24
40.832057,-73.927421,Anderson Ave & W 164 St,4129,19
40.831584,-73.9149,Morris Ave & McClellan St,4130,22
40.844075,-73.917256,Goble Pl & Macombs Rd,4131,19
40.812769,-73.901583,Southern Blvd & Avenue St. John,4132,19
40.815077,-73.899939,Beck St & Leggett Ave,4133,20
40.816343,-73.896447,Longwood Ave & Southern Blvd,4134,24
40.819701,-73.901311,Westchester Ave & Longwood Ave,4135,23
40.824,-73.91089,Washington Ave & E 163 St,4136,22
40.823872,-73.908699,3 Ave & E 163 St,4137,27
40.82696,-73.907451,3 Ave & Franklin Ave,4138,19
40.824796,-73.90242,Tinton Ave & E 165 St,4139,19
40.822545,-73.901824,E 163 St & Union Ave,4140,24
40.818185,-73.894143,Southern Blvd & Tiffany St,4141,20
40.816126,-73.891559,Barry St & Tiffany St,4142,19
40.813991,-73.8855,Hunts Point Ave & Bryant Ave,4143,21
40.816567,-73.888161,Lafayette Ave & Hunts Point Ave,4144,22
40.818743,-73.890247,Garrison Ave & Manida St,4146,30
40.821075,-73.895069,E 163 St & Tiffany St,4147,19
40.821967,-73.896752,Intervale Ave & Westchester Ave,4148,27
40.82895,-73.90521,E 167 St & Franklin Ave,4149,20
40.832678,-73.905158,3 Ave & E 169 St,4151,21
40.830471,-73.904556,Fulton Ave & E 168 St,4152,21
40.82394,-73.894025,E 165 St & Fox St,4153,27
40.820578,-73.888271,Faile St & Garrison Ave,4154,19
40.827184,-73.893721,E 169 St & Fox St,4155,19
40.83545,-73.90153,Fulton Ave & St. Paul's Pl,4156,19
40.833246,-73.896599,Boston Rd & Prospect Ave,4157,19
40.830529,-73.894717,Freeman St & Reverend James A Polite Ave,4158,19
40.839586,-73.900277,3 Ave & E 172 St,4159,19
40.843079,-73.900216,Washington Ave & E 174 St,4160,19
40.84224,-73.8985,3 Ave & E 174 St - Bathgate Vaccination Site,4161,35
40.834124,-73.88955,Southern Blvd & E 172 St,4162,19
40.832649,-73.885272,Boone Ave & E 172 St,4163,19
40.836274,-73.884308,E 174 St & Longfellow Ave,4164,20
40.82809,-73.91288,E 165 St & Clay Ave,4165,19
40.82441,-73.92818,River Ave & E 153 St,4166,27
40.84301,-73.91172,Grand Concourse & East Mount Eden Ave,4167,19
40.842675,-73.908544,Mount Eden Pkwy & Eastburn Ave,4168,19
40.83899,-73.9109,Morris Ave & E 171 St,4169,21
40.828975,-73.911259,Webster Ave & E 166 St,4170,19
40.828199,-73.903719,Boston Rd & E 167 St,4171,21
40.829896,-73.907618,Washington Ave & E 167 St,4172,17
40.825322,-73.887729,Longfellow Ave & E 165 St,4173,20
40.834857,-73.903743,3 Ave & E 170 St,4174,21
40.838379,-73.905838,E 171 St & Webster Ave,4175,20
40.837119,-73.902185,E 171 St & 3 Ave,4176,0
40.831762,-73.896853,Prospect Ave & Jennings St,4177,20
40.830051,-73.892103,Freeman St & Southern Blvd,4179,23
40.830025,-73.886312,West Farms Rd & Boone Ave,4180,20
40.832171,-73.889686,Hoe Ave & Jennings St,4181,20
40.831998,-73.892686,Louis Nine Blvd & Intervale Ave,4182,19
40.839229,-73.899047,Fulton Ave & E 172 St,4183,19
40.836733,-73.887931,Southern Blvd & E 174 St,4184,27
40.839335,-73.886445,Southern Blvd & E 175 St,4185,19
40.818154,-73.925294,E 149 St & Park Ave,4186,27
40.70772198491691,-74.00438636541367,Fulton St & Pearl St,4187,55
40.83299,-73.94592,Broadway & W 155 St,4188,31
40.83579,-73.913741,Grant Ave & E 169 St,4189,19
40.840683,-73.915073,Walton Ave & E 171 St,4190,19
40.827301,-73.896372,Intervale Ave & Kelly St,4191,20
40.826303,-73.898751,Prospect Ave & E 167 St,4192,19
40.85168,-73.94186,W 181 St & Riverside Dr,4193,21
40.840484,-73.917946,Plaza Dr & W 170 St,4194,30
40.83094,-73.91125,E 167 St & Clay Ave,4195,30
40.824811,-73.916407,E 161 St & Park Ave,4198,21
40.83406,-73.92243,River Ave & McClellan St,4199,21
40.844811,-73.912042,E 174 St & Walton Ave,4200,27
40.83999,-73.90549,Clay Ave & Claremont Pkwy,4201,21
40.819999,-73.897263,Dawson St & Intervale Ave,4202,19
40.824956,-73.891677,Westchester Ave & Southern Blvd,4203,21
40.826706,-73.888719,E 167 St & Bryant Ave,4204,20
40.841092,-73.892317,Crotona Park North & Prospect Ave,4205,19
40.811892,-73.904192,Southern Blvd & E 149 St,4206,27
40.83130549267296,-73.91744792461395,Sherman Ave & E 166 St,4207,19
40.822351,-73.926907,Walton Ave & E 153 St,4208,19
40.838706,-73.927034,University Ave & W 168 St,4209,18
40.83196,-73.91956,Grand Concourse & E 166 St,4210,24
40.82995,-73.898802,Union Ave & E 169 St,4211,19
40.83171,-73.90208,Franklin Ave & E 169 St,4212,19
40.835302,-73.895133,Wilkins Ave & Crotona Park E,4213,19
40.72583996792375,-74.0076532959938,Spring St & Hudson St,4214,43
40.74005708567285,-74.0052741765976,Hudson St & W 13 St,4215,28
40.7103231,-74.0043228,Spruce St & Gold St,4218,55
40.75414519263519,-73.9960889518261,W 35 St & 9 Ave,4219,32
40.823061,-73.941928,Frederick Douglass Blvd & W 145 St,4220,27
40.822217,-73.928939,River Ave & E 151 St,4222,27
40.696232971293156,-73.99142056703568,Clinton St & Tillary St,4225,33
40.837037,-73.890413,Crotona Park East & E 173 St,4227,19
40.839194,-73.888587,Waterloo Pl & Crotona Park East,4228,19
40.840494,-73.911479,Sheridan Ave & E 172 St,4229,24
40.8358771,-73.8931428,Charlotte St & Boston Rd,4230,19
40.756951,-73.982631,6 Ave & W 45 St,4232,45
40.741723510974715,-73.97809267044067,2 Ave & E 29 St,4233,39
40.764734200065185,-73.99194359779358,W 50 St & 10 Ave,4235,0
40.768333,-73.992573,W 54 St & 11 Ave,4236,59
40.762009,-73.996975,W 44 St & 11 Ave,4238,79
40.757334,-73.974235,E 50 St & Park Ave,4239,25
40.752643,-73.974996,E 44 St & Lexington Ave,4240,33
40.752149,-73.989539,W 36 St & 7 Ave,4244,38
40.821952,-73.888546,Bruckner Blvd & Bryant Ave,4245,24
40.832164,-73.949702,Riverside Dr & W 153 St,4247,21
40.70336686695866,-74.007867872715,Old Slip & South St,4248,63
40.83617913677475,-73.90730146322765,E 170 St & Webster Ave,4249,25
40.81872569990116,-73.88862490653992,Seneca Ave & Irvine St,4250,19
40.83670566862804,-73.92608866095543,Nelson Ave & 167 St,4251,21
40.827629,-73.886659,Home St & Westchester Ave,4252,21
40.823926,-73.897366,Rogers Pl & E 165 St,4253,19
40.752443,-73.929737,34 St & 38 Ave,4254,25
40.753091,-73.920603,42 Pl & Northern Blvd,4255,25
40.767666,-73.910963,25 Ave & 41 St,4256,23
40.750181,-73.919998,43 St & 37 Ave,4257,21
40.754795,-73.917014,34 Ave & 45 St,4258,23
40.764496,-73.904632,49 St & 25 Ave,4259,25
40.769673,-73.906018,43 St & 23 Ave,4260,23
40.774306,-73.908335,36 St & Ditmars Blvd,4261,25
40.752372,-73.925384,38 St & Northern Blvd,4262,23
40.763422,-73.914142,30 Ave & 41 St,4263,23
40.755763,-73.912715,48 St & Broadway,4264,31
40.758057,-73.909831,49 St & 31 Ave,4265,19
40.760083,-73.907107,50 St & 30 Ave,4266,23
40.762507,-73.902534,Bulova Ave & Brooklyn Queens Expressway W,4267,19
40.753441,-73.912402,50 St & Northern Blvd,4268,27
40.754164,-73.908906,Broadway & 51 St,4269,27
40.754176,-73.900318,62 St & Northern Blvd,4270,27
40.757525,-73.901614,31 Ave & 61 St,4271,21
40.771203,-73.903865,Ditmars Ave & 43 St,4272,27
40.769219,-73.901001,Ditmars Blvd & 48 St,4273,19
40.776745,-73.906558,35 St & 21 Ave,4274,23
40.783956,-73.916894,21 Ave & Shore Blvd,4275,21
40.785994,-73.915098,20 Ave & Shore Blvd,4276,19
40.775415,-73.900063,20 Ave & 42 St,4277,21
40.709267,-74.013247,Albany St & Greenwich St,4278,0
40.756265,-73.964179,E 54 St & 1 Ave,4279,41
40.73342399437081,-74.00851495563984,W 10 St & Washington St,4280,46
40.73191132323174,-74.008769094944,Washington St & Barrow St,4282,39
40.764174520197685,-73.91583994030952,38 St & 30 Ave,4283,27
40.754139,-73.919543,43 St & 35 Ave,4284,25
40.765753,-73.90676,46 St & 25 Ave,4285,24
40.75574,-73.903427,58 St & 32 Ave,4286,0
40.772717,-73.906127,Steinway St & Ditmars Blvd,4287,21
40.774798,-73.903787,Steinway St & 21 Ave,4288,21
40.77813,-73.90842,31 St & 21 Ave,4289,27
40.777112,-73.902382,20 Ave & 38 St,4290,29
40.772899,-73.896849,20 Ave & 48 St,4291,23
40.772092,-73.895166,Hazen St & 20 Ave,4292,23
40.768442,-73.893531,Ditmars Blvd & 76 St,4293,19
40.77028,-73.893675,76 St & 21 Ave,4294,21
40.768728,-73.890745,Ditmars Blvd & 79 St,4295,25
40.778089,-73.899558,Steinway St & 19 Ave,4296,21
40.73498,-74.00697,Greenwich St & Perry St,4297,31
40.72789701409023,-74.00536268949507,King St & Varick St,4298,26
40.72615604980408,-73.99510189890862,Bleecker St & Crosby St,4300,43
40.747968,-73.996637,8 Ave & W 27 St,4301,33
40.778557,-73.919046,21 St & 23 Ave,4302,22
40.75905795418586,-73.91897544264793,Steinway St & Broadway,4303,32
40.76535380385866,-73.93986314535141,34th Ave & Vernon Blvd,4304,30
40.759604471387945,-73.92714411020279,34 Ave & 31 St,4305,19
40.77301508291382,-73.91119033098221,35 St & 23 Ave,4306,28
40.838315,-73.912604,E 170 St & Sheridan Ave,4308,30
40.772768286288304,-73.92743647098541,18 St & 27 Ave,4309,23
40.756351,-73.936515,24 St & 38 Ave,4310,19
40.7725996921817,-73.93266275525093,8 St & Astoria Blvd,4311,19
40.77977,-73.923162,Shore Blvd & Astoria Park,4312,33
40.763328,-73.908782,46 St & 28 Ave,4313,19
40.761294,-73.909562,30 Ave & 47 St,4314,21
40.76072,-73.910989,46 St & 30 Rd,4315,21
40.75388,-73.914952,34 Ave & 48 St,4316,25
40.757764,-73.907654,51 St & Hobart St,4317,25
40.755389,-73.911517,Broadway & 49 St,4318,25
40.757357,-73.904726,31 Ave & 57 St,4319,23
40.776168,-73.910485,31 St & Ditmars Blvd,4320,24
40.780478,-73.912212,21 Ave & Crescent St,4321,24
40.784003,-73.912297,20 Ave & 21 St,4322,19
40.779399,-73.905708,20 Ave & 33 St,4323,21
40.76817,-73.896293,Ditmars Blvd & 73 St,4324,19
40.770888,-73.889914,21 Ave & 80 St,4325,19
40.817245,-73.938787,Lenox Ave & W 140 St,4326,23
40.782465,-73.914527,21 St & 21 Ave,4327,21
40.840124,-73.93949,W 167 St & St. Nicholas Ave,4328,27
40.76547569244953,-73.91811579465866,35 St & 30 Ave,4329,29
40.751555,-73.915026,48 St & 37 Ave,4331,29
40.827230499624726,-73.91765579597632,Morris Ave & E 163 St,4332,21
40.72769,-73.990993,E 5 St & Cooper Sq,4333,34
40.77406014982225,-73.914934694767,23 Rd & 29 St,4335,24
40.73153937464073,-73.9853024482727,E 13 St & 2 Ave,4336,54
40.72335597960796,-73.98864984512329,E 1 St & 1 Ave,4337,51
40.715118719964956,-73.98417055606842,Grand St & Samuel Dickstein Plaza,4338,0
40.71779817737835,-73.99316132068634,Forsyth St	& Grand St,4339,63
40.711471394469264,-73.98672603070736,Clinton St	& Cherry St,4340,33
40.71310702305908,-73.99446353316307,Market St & Henry St,4341,28
40.666197,-73.992466,16th St & 4th Ave,4342,26
40.666168,-73.995549,3 Ave & 17 St,4343,21
40.662378,-73.988887,6 Ave & 17 St,4344,0
40.660906,-73.983074,Windsor Pl & 8 Ave,4345,20
40.663493,-73.991007,17 St & 5 Ave,4346,25
40.662584,-73.995554,21 St & 4 Ave,4347,21
40.66016,-73.990974,6 Ave & 21 St,4348,27
40.659053,-73.98854,7 Ave & 20 St,4349,20
40.656633,-73.983864,Prospect Park W & 20 St,4350,25
40.65629,-73.977335,11 Ave & Prospect Ave,4351,20
40.651654,-73.981231,McDonald Ave & Vanderbilt St,4352,21
40.653368,-73.976291,Prospect Ave & Vanderbilt St,4353,19
40.6549,-73.973243,Prospect Park SW & Vanderbilt St,4354,0
40.651545,-73.975661,Greenwood Ave & Prospect Ave,4355,0
40.650739,-73.977739,Greenwood Ave & E 4 St,4356,21
40.648005,-73.979342,Ft. Hamilton Pkwy & E 2 St,4357,19
40.649037,-73.97673,Ft. Hamilton Pkwy & E 5 St,4358,23
40.651847,-73.965248,Parade Pl & Crooke Ave,4359,30
40.649681,-73.967829,Caton Ave & Argyle Rd,4360,21
40.648481,-73.97058,Caton Ave & E 10 St,4361,30
40.658029,-73.989605,7 Ave & 22 St,4362,25
40.648055,-73.972432,E 8 St & Caton Ave,4363,30
40.647718,-73.973663,Caton Ave & E 7 St,4364,20
40.643817,-73.977433,E 3 St & Church Ave,4365,21
40.645074,-73.979681,Albemarle Rd & McDonald Ave,4366,20
40.644367,-73.984276,Chester Ave & 12 Ave,4367,0
40.643546,-73.986418,12 Ave & 36 St,4368,0
40.662611,-73.998623,23 St & 3 Ave,4369,24
40.656986,-73.998194,29 St & 5 Ave,4370,19
40.657743,-74.001141,30 St & 4 Ave,4371,19
40.654098,-74.001131,34 St & 5 Ave,4372,19
40.649983,-74.005144,5 Ave & 41 St,4373,30
40.650176,-74.015606,48 St & 2 Ave,4374,19
40.642809,-73.979239,Church Ave & McDonald Ave,4376,29
40.646037,-73.980963,Dahill Rd & 12 Ave,4377,22
40.642031,-73.981073,Church Ave & Story St,4378,0
40.655278,-74.003101,34 St & 4 Ave,4379,23
40.652657,-74.002356,5 Ave & 37 St,4380,30
40.654798,-74.014372,42 St & 1 Ave,4381,18
40.652512,-74.008906,41 St & 3 Ave,4382,19
40.643371,-74.011884,53 St & 5 Ave,4384,30
40.644862,-74.014531,53 St & 4 Ave,4385,25
40.646377,-74.023087,57 St & 1 Ave - Brooklyn Army Terminal Vaccination Site,4386,27
40.644512,-74.021506,58 St & 2 Ave - Brooklyn Army Terminal Vaccination Site,4387,35
40.652502,-74.013587,44 St & 2 Ave,4388,19
40.649143,-74.012384,47 St & 3 Ave,4389,23
40.645921,-74.005708,46 St & 6 Ave,4390,21
40.642703,-74.009441,52 St & 6 Ave,4391,19
40.649292,-74.020105,52 St & 1 Ave,4392,22
40.642408,-74.013318,55 St & 5 Ave,4393,28
40.640831,-74.010996,6 Ave & 55 St,4394,0
40.638196,-74.013821,6 Ave & 60 St,4395,22
40.639978,-74.02324,64 St & 3 Ave,4397,35
40.640493,-74.02564,65 St & 2 Ave,4398,0
40.635679,-74.020005,5 Ave & 67 St,4399,0
40.644743,-74.003754,46 St & 7 Ave,4400,21
40.639673,-74.008957,55 St & 7 Ave,4401,25
40.640028,-74.015697,5 Ave & 59 St,4402,0
40.641269,-74.017651,59 St & 4 Ave,4403,35
40.638246,-74.024714,3 Ave & Wakeman Pl,4404,0
40.659490558938955,-73.98013919591904,Windsor Pl & Howard Pl,4408,24
40.654144,-74.00422,36 St & 4 Ave,4409,30
40.651354,-74.007168,41 St & 4 Ave,4410,23
40.646351,-74.009271,48 St & 5 Ave,4411,27
40.64744,-74.018846,53 St & 2 Ave,4412,30
40.659555,-73.995068,24 St & 5 Ave,4414,19
40.656326,-74.009627,2 Av & 37 St,4415,31
40.655716,-74.006664,36 St & 3 Ave,4416,30
40.633385,-74.016562,67 St & Erik Pl,4417,0
40.659176,-74.006584,2 Ave & 32 St,4418,23
40.647105,-74.004483,44 St & 6 Ave,4419,24
40.647379,-74.000911,7 Ave & 41 St,4420,0
40.648169,-74.000057,7 Ave & 40 St,4421,24
40.651173,-74.011405,44 St & 3 Ave,4422,23
40.642622,-74.016866,57 St & 4 Ave,4423,22
40.637033,-74.022141,4 Ave & Shore Road Dr,4424,20
40.817256,-73.938778,Frederick Douglass Blvd & W 139 St,4427,0
40.659945,-73.977504,Prospect Park SW & 10 Ave,4428,30
40.652563,-73.972573,Prospect Park SW & Greenwood Ave,4429,30
40.63766,-74.01782,63 St & 5 Ave,4430,0
40.665507,-73.993037,4 Ave & 17 St,4435,0
40.651566,-73.972212,Park Cir & East Dr,4436,0
40.645282,-73.974169,Ocean Pkwy & Church Ave,4449,0
40.639421,-74.026823,Wakeman Pl & Ridge Blvd,4450,0
